date,c_flare_count,m_flare_count,x_flare_count,high_speed_stream_count,c_flare_count_lag_1,m_flare_count_lag_1,x_flare_count_lag_1,high_speed_stream_count_lag_1,c_flare_count_lag_2,m_flare_count_lag_2,x_flare_count_lag_2,high_speed_stream_count_lag_2,c_flare_count_lag_3,m_flare_count_lag_3,x_flare_count_lag_3,high_speed_stream_count_lag_3,c_flare_3d,m_flare_3d,x_flare_3d,hss_3d,storm_next_3d,cme_count,earth_directed_cme_count,max_cme_speed,fast_cme_count,cme_count_lag_1,earth_directed_cme_count_lag_1,max_cme_speed_lag_1,fast_cme_count_lag_1,cme_count_lag_2,earth_directed_cme_count_lag_2,max_cme_speed_lag_2,fast_cme_count_lag_2,cme_count_lag_3,earth_directed_cme_count_lag_3,max_cme_speed_lag_3,fast_cme_count_lag_3,cme_count_3d,earth_directed_cme_3d,fast_cme_3d,max_cme_speed_3d
2023-07-11,0,7,0,0,0,0,0,0,0,0,0,0,0,0,0,0,0.0,0.0,0.0,0.0,0,4.0,0.0,1066.0,1.0,0.0,0.0,0.0,0.0,0.0,0.0,0.0,0.0,0.0,0.0,0.0,0.0,0.0,0.0,0.0,0.0
2023-07-12,0,4,0,0,0,7,0,0,0,0,0,0,0,0,0,0,0.0,0.0,0.0,0.0,0,2.0,0.0,842.0,0.0,4.0,0.0,1066.0,1.0,0.0,0.0,0.0,0.0,0.0,0.0,0.0,0.0,0.0,0.0,0.0,0.0
2023-07-13,0,1,0,0,0,4,0,0,0,7,0,0,0,0,0,0,0.0,0.0,0.0,0.0,0,4.0,0.0,1287.0,1.0,2.0,0.0,842.0,0.0,4.0,0.0,1066.0,1.0,0.0,0.0,0.0,0.0,10.0,0.0,2.0,1287.0
2023-07-14,1,1,0,0,0,1,0,0,0,4,0,0,0,7,0,0,0.0,12.0,0.0,0.0,0,8.0,0.0,934.0,0.0,4.0,0.0,1287.0,1.0,2.0,0.0,842.0,0.0,4.0,0.0,1066.0,1.0,14.0,0.0,1.0,1287.0
2023-07-15,1,3,0,0,1,1,0,0,0,1,0,0,0,4,0,0,1.0,6.0,0.0,0.0,0,5.0,0.0,1441.0,1.0,8.0,0.0,934.0,0.0,4.0,0.0,1287.0,1.0,2.0,0.0,842.0,0.0,17.0,0.0,2.0,1441.0
2023-07-16,1,3,0,0,1,3,0,0,1,1,0,0,0,1,0,0,2.0,5.0,0.0,0.0,0,6.0,1.0,1397.0,3.0,5.0,0.0,1441.0,1.0,8.0,0.0,934.0,0.0,4.0,0.0,1287.0,1.0,19.0,1.0,4.0,1441.0
2023-07-17,0,3,0,0,1,3,0,0,1,3,0,0,1,1,0,0,3.0,7.0,0.0,0.0,0,6.0,0.0,1388.0,2.0,6.0,1.0,1397.0,3.0,5.0,0.0,1441.0,1.0,8.0,0.0,934.0,0.0,17.0,1.0,6.0,1441.0
2023-07-18,0,4,0,0,0,3,0,0,1,3,0,0,1,3,0,0,2.0,9.0,0.0,0.0,0,5.0,0.0,1197.0,1.0,6.0,0.0,1388.0,2.0,6.0,1.0,1397.0,3.0,5.0,0.0,1441.0,1.0,17.0,1.0,6.0,1397.0
2023-07-19,0,2,0,0,0,4,0,0,0,3,0,0,1,3,0,0,1.0,10.0,0.0,0.0,0,3.0,0.0,1378.0,1.0,5.0,0.0,1197.0,1.0,6.0,0.0,1388.0,2.0,6.0,1.0,1397.0,3.0,14.0,0.0,4.0,1388.0
2023-07-20,0,0,0,0,0,2,0,0,0,4,0,0,0,3,0,0,0.0,9.0,0.0,0.0,0,2.0,0.0,790.0,0.0,3.0,0.0,1378.0,1.0,5.0,0.0,1197.0,1.0,6.0,0.0,1388.0,2.0,10.0,0.0,2.0,1378.0
2023-07-21,0,0,0,0,0,0,0,0,0,2,0,0,0,4,0,0,0.0,6.0,0.0,0.0,0,1.0,0.0,367.0,0.0,2.0,0.0,790.0,0.0,3.0,0.0,1378.0,1.0,5.0,0.0,1197.0,1.0,6.0,0.0,1.0,1378.0
2023-07-22,0,2,0,0,0,0,0,0,0,0,0,0,0,2,0,0,0.0,2.0,0.0,0.0,0,8.0,0.0,739.0,0.0,1.0,0.0,367.0,0.0,2.0,0.0,790.0,0.0,3.0,0.0,1378.0,1.0,11.0,0.0,0.0,790.0
2023-07-23,1,0,0,0,0,2,0,0,0,0,0,0,0,0,0,0,0.0,2.0,0.0,0.0,0,3.0,0.0,1028.0,1.0,8.0,0.0,739.0,0.0,1.0,0.0,367.0,0.0,2.0,0.0,790.0,0.0,12.0,0.0,1.0,1028.0
2023-07-24,0,0,0,0,1,0,0,0,0,2,0,0,0,0,0,0,1.0,2.0,0.0,0.0,0,2.0,0.0,2268.0,2.0,3.0,0.0,1028.0,1.0,8.0,0.0,739.0,0.0,1.0,0.0,367.0,0.0,13.0,0.0,3.0,2268.0
2023-07-25,0,2,0,0,0,0,0,0,1,0,0,0,0,2,0,0,1.0,2.0,0.0,0.0,0,2.0,0.0,670.0,0.0,2.0,0.0,2268.0,2.0,3.0,0.0,1028.0,1.0,8.0,0.0,739.0,0.0,7.0,0.0,3.0,2268.0
2023-07-26,0,4,0,0,0,2,0,0,0,0,0,0,1,0,0,0,1.0,2.0,0.0,0.0,0,1.0,0.0,345.0,0.0,2.0,0.0,670.0,0.0,2.0,0.0,2268.0,2.0,3.0,0.0,1028.0,1.0,5.0,0.0,2.0,2268.0
2023-07-27,0,2,0,0,0,4,0,0,0,2,0,0,0,0,0,0,0.0,6.0,0.0,0.0,0,2.0,0.0,680.0,0.0,1.0,0.0,345.0,0.0,2.0,0.0,670.0,0.0,2.0,0.0,2268.0,2.0,5.0,0.0,0.0,680.0
2023-07-28,0,1,0,0,0,2,0,0,0,4,0,0,0,2,0,0,0.0,8.0,0.0,0.0,0,2.0,0.0,2458.0,1.0,2.0,0.0,680.0,0.0,1.0,0.0,345.0,0.0,2.0,0.0,670.0,0.0,5.0,0.0,1.0,2458.0
2023-07-29,1,1,0,1,0,1,0,0,0,2,0,0,0,4,0,0,0.0,7.0,0.0,0.0,0,3.0,0.0,526.0,0.0,2.0,0.0,2458.0,1.0,2.0,0.0,680.0,0.0,1.0,0.0,345.0,0.0,7.0,0.0,1.0,2458.0
2023-07-30,0,2,0,0,1,1,0,1,0,1,0,0,0,2,0,0,1.0,4.0,0.0,1.0,0,2.0,0.0,549.0,0.0,3.0,0.0,526.0,0.0,2.0,0.0,2458.0,1.0,2.0,0.0,680.0,0.0,7.0,0.0,1.0,2458.0
2023-07-31,0,1,0,0,0,2,0,0,1,1,0,1,0,1,0,0,1.0,4.0,0.0,1.0,0,2.0,0.0,636.0,0.0,2.0,0.0,549.0,0.0,3.0,0.0,526.0,0.0,2.0,0.0,2458.0,1.0,7.0,0.0,0.0,636.0
2023-08-01,1,8,0,0,0,1,0,0,0,2,0,0,1,1,0,1,1.0,4.0,0.0,1.0,0,3.0,1.0,1369.0,1.0,2.0,0.0,636.0,0.0,2.0,0.0,549.0,0.0,3.0,0.0,526.0,0.0,7.0,1.0,1.0,1369.0
2023-08-02,0,5,0,0,1,8,0,0,0,1,0,0,0,2,0,0,1.0,11.0,0.0,0.0,1,3.0,0.0,759.0,0.0,3.0,1.0,1369.0,1.0,2.0,0.0,636.0,0.0,2.0,0.0,549.0,0.0,8.0,1.0,1.0,1369.0
2023-08-03,0,1,0,0,0,5,0,0,1,8,0,0,0,1,0,0,1.0,14.0,0.0,0.0,1,0.0,0.0,0.0,0.0,3.0,0.0,759.0,0.0,3.0,1.0,1369.0,1.0,2.0,0.0,636.0,0.0,6.0,1.0,1.0,1369.0
2023-08-04,0,1,0,0,0,1,0,0,0,5,0,0,1,8,0,0,1.0,14.0,0.0,0.0,1,3.0,0.0,960.0,0.0,0.0,0.0,0.0,0.0,3.0,0.0,759.0,0.0,3.0,1.0,1369.0,1.0,6.0,0.0,0.0,960.0
2023-08-05,0,2,1,0,0,1,0,0,0,1,0,0,0,5,0,0,0.0,7.0,0.0,0.0,0,4.0,2.0,1757.0,2.0,3.0,0.0,960.0,0.0,0.0,0.0,0.0,0.0,3.0,0.0,759.0,0.0,7.0,2.0,2.0,1757.0
2023-08-06,0,1,0,0,0,2,1,0,0,1,0,0,0,1,0,0,0.0,4.0,1.0,0.0,0,3.0,0.0,1260.0,1.0,4.0,2.0,1757.0,2.0,3.0,0.0,960.0,0.0,0.0,0.0,0.0,0.0,10.0,2.0,3.0,1757.0
2023-08-07,0,4,1,0,0,1,0,0,0,2,1,0,0,1,0,0,0.0,4.0,1.0,0.0,0,6.0,0.0,1748.0,1.0,3.0,0.0,1260.0,1.0,4.0,2.0,1757.0,2.0,3.0,0.0,960.0,0.0,13.0,2.0,4.0,1757.0
2023-08-08,0,1,0,0,0,4,1,0,0,1,0,0,0,2,1,0,0.0,7.0,2.0,0.0,0,5.0,0.0,648.0,0.0,6.0,0.0,1748.0,1.0,3.0,0.0,1260.0,1.0,4.0,2.0,1757.0,2.0,14.0,0.0,2.0,1748.0
2023-08-09,0,0,0,0,0,1,0,0,0,4,1,0,0,1,0,0,0.0,6.0,1.0,0.0,0,3.0,0.0,1103.0,1.0,5.0,0.0,648.0,0.0,6.0,0.0,1748.0,1.0,3.0,0.0,1260.0,1.0,14.0,0.0,2.0,1748.0
2023-08-10,1,0,0,1,0,0,0,0,0,1,0,0,0,4,1,0,0.0,5.0,1.0,0.0,0,6.0,0.0,625.0,0.0,3.0,0.0,1103.0,1.0,5.0,0.0,648.0,0.0,6.0,0.0,1748.0,1.0,14.0,0.0,1.0,1103.0
2023-08-11,0,0,0,0,1,0,0,1,0,0,0,0,0,1,0,0,1.0,1.0,0.0,1.0,0,4.0,0.0,751.0,0.0,6.0,0.0,625.0,0.0,3.0,0.0,1103.0,1.0,5.0,0.0,648.0,0.0,13.0,0.0,1.0,1103.0
2023-08-12,0,1,0,0,0,0,0,0,1,0,0,1,0,0,0,0,1.0,0.0,0.0,1.0,0,2.0,0.0,441.0,0.0,4.0,0.0,751.0,0.0,6.0,0.0,625.0,0.0,3.0,0.0,1103.0,1.0,12.0,0.0,0.0,751.0
2023-08-13,0,0,0,0,0,1,0,0,0,0,0,0,1,0,0,1,1.0,1.0,0.0,1.0,0,2.0,0.0,515.0,0.0,2.0,0.0,441.0,0.0,4.0,0.0,751.0,0.0,6.0,0.0,625.0,0.0,8.0,0.0,0.0,751.0
2023-08-14,1,0,0,0,0,0,0,0,0,1,0,0,0,0,0,0,0.0,1.0,0.0,0.0,0,4.0,0.0,518.0,0.0,2.0,0.0,515.0,0.0,2.0,0.0,441.0,0.0,4.0,0.0,751.0,0.0,8.0,0.0,0.0,518.0
2023-08-15,0,0,0,0,1,0,0,0,0,0,0,0,0,1,0,0,1.0,1.0,0.0,0.0,0,2.0,0.0,540.0,0.0,4.0,0.0,518.0,0.0,2.0,0.0,515.0,0.0,2.0,0.0,441.0,0.0,8.0,0.0,0.0,540.0
2023-08-16,0,0,0,0,0,0,0,0,1,0,0,0,0,0,0,0,1.0,0.0,0.0,0.0,0,3.0,0.0,667.0,0.0,2.0,0.0,540.0,0.0,4.0,0.0,518.0,0.0,2.0,0.0,515.0,0.0,9.0,0.0,0.0,667.0
2023-08-17,3,0,0,0,0,0,0,0,0,0,0,0,1,0,0,0,1.0,0.0,0.0,0.0,0,4.0,0.0,1079.0,2.0,3.0,0.0,667.0,0.0,2.0,0.0,540.0,0.0,4.0,0.0,518.0,0.0,9.0,0.0,2.0,1079.0
2023-08-18,3,0,0,1,3,0,0,0,0,0,0,0,0,0,0,0,3.0,0.0,0.0,0.0,0,4.0,2.0,562.0,0.0,4.0,0.0,1079.0,2.0,3.0,0.0,667.0,0.0,2.0,0.0,540.0,0.0,11.0,2.0,2.0,1079.0
2023-08-19,0,0,0,1,3,0,0,1,3,0,0,0,0,0,0,0,6.0,0.0,0.0,1.0,0,1.0,0.0,353.0,0.0,4.0,2.0,562.0,0.0,4.0,0.0,1079.0,2.0,3.0,0.0,667.0,0.0,9.0,2.0,2.0,1079.0
2023-08-20,0,0,0,0,0,0,0,1,3,0,0,1,3,0,0,0,6.0,0.0,0.0,2.0,0,3.0,0.0,567.0,0.0,1.0,0.0,353.0,0.0,4.0,2.0,562.0,0.0,4.0,0.0,1079.0,2.0,8.0,2.0,0.0,567.0
2023-08-21,2,0,0,0,0,0,0,0,0,0,0,1,3,0,0,1,3.0,0.0,0.0,2.0,0,2.0,0.0,449.0,0.0,3.0,0.0,567.0,0.0,1.0,0.0,353.0,0.0,4.0,2.0,562.0,0.0,6.0,0.0,0.0,567.0
2023-08-22,0,1,0,0,2,0,0,0,0,0,0,0,0,0,0,1,2.0,0.0,0.0,1.0,0,5.0,0.0,679.0,0.0,2.0,0.0,449.0,0.0,3.0,0.0,567.0,0.0,1.0,0.0,353.0,0.0,10.0,0.0,0.0,679.0
2023-08-23,0,0,0,0,0,1,0,0,2,0,0,0,0,0,0,0,2.0,1.0,0.0,0.0,0,4.0,0.0,651.0,0.0,5.0,0.0,679.0,0.0,2.0,0.0,449.0,0.0,3.0,0.0,567.0,0.0,11.0,0.0,0.0,679.0
2023-08-24,2,0,0,0,0,0,0,0,0,1,0,0,2,0,0,0,2.0,1.0,0.0,0.0,0,1.0,0.0,724.0,0.0,4.0,0.0,651.0,0.0,5.0,0.0,679.0,0.0,2.0,0.0,449.0,0.0,10.0,0.0,0.0,724.0
2023-08-25,1,1,0,0,2,0,0,0,0,0,0,0,0,1,0,0,2.0,1.0,0.0,0.0,0,3.0,0.0,655.0,0.0,1.0,0.0,724.0,0.0,4.0,0.0,651.0,0.0,5.0,0.0,679.0,0.0,8.0,0.0,0.0,724.0
2023-08-26,1,1,0,0,1,1,0,0,2,0,0,0,0,0,0,0,3.0,1.0,0.0,0.0,0,4.0,0.0,734.0,0.0,3.0,0.0,655.0,0.0,1.0,0.0,724.0,0.0,4.0,0.0,651.0,0.0,8.0,0.0,0.0,734.0
2023-08-27,0,0,0,0,1,1,0,0,1,1,0,0,2,0,0,0,4.0,2.0,0.0,0.0,0,0.0,0.0,0.0,0.0,4.0,0.0,734.0,0.0,3.0,0.0,655.0,0.0,1.0,0.0,724.0,0.0,7.0,0.0,0.0,734.0
2023-08-28,0,0,0,0,0,0,0,0,1,1,0,0,1,1,0,0,2.0,2.0,0.0,0.0,0,4.0,0.0,813.0,0.0,0.0,0.0,0.0,0.0,4.0,0.0,734.0,0.0,3.0,0.0,655.0,0.0,8.0,0.0,0.0,813.0
2023-08-29,0,0,0,0,0,0,0,0,0,0,0,0,1,1,0,0,1.0,1.0,0.0,0.0,0,2.0,0.0,821.0,0.0,4.0,0.0,813.0,0.0,0.0,0.0,0.0,0.0,4.0,0.0,734.0,0.0,6.0,0.0,0.0,821.0
2023-08-30,0,0,0,0,0,0,0,0,0,0,0,0,0,0,0,0,0.0,0.0,0.0,0.0,0,1.0,0.0,929.0,0.0,2.0,0.0,821.0,0.0,4.0,0.0,813.0,0.0,0.0,0.0,0.0,0.0,7.0,0.0,0.0,929.0
2023-08-31,1,0,0,0,0,0,0,0,0,0,0,0,0,0,0,0,0.0,0.0,0.0,0.0,1,2.0,0.0,731.0,0.0,1.0,0.0,929.0,0.0,2.0,0.0,821.0,0.0,4.0,0.0,813.0,0.0,5.0,0.0,0.0,929.0
2023-09-01,2,1,0,1,1,0,0,0,0,0,0,0,0,0,0,0,1.0,0.0,0.0,0.0,1,5.0,2.0,1475.0,1.0,2.0,0.0,731.0,0.0,1.0,0.0,929.0,0.0,2.0,0.0,821.0,0.0,8.0,2.0,1.0,1475.0
2023-09-02,0,1,0,0,2,1,0,1,1,0,0,0,0,0,0,0,3.0,1.0,0.0,1.0,1,3.0,0.0,1208.0,1.0,5.0,2.0,1475.0,1.0,2.0,0.0,731.0,0.0,1.0,0.0,929.0,0.0,10.0,2.0,2.0,1475.0
2023-09-03,4,2,0,0,0,1,0,0,2,1,0,1,1,0,0,0,3.0,2.0,0.0,1.0,0,7.0,0.0,1650.0,2.0,3.0,0.0,1208.0,1.0,5.0,2.0,1475.0,1.0,2.0,0.0,731.0,0.0,15.0,2.0,4.0,1650.0
2023-09-04,1,0,0,0,4,2,0,0,0,1,0,0,2,1,0,1,6.0,4.0,0.0,1.0,0,2.0,0.0,1061.0,1.0,7.0,0.0,1650.0,2.0,3.0,0.0,1208.0,1.0,5.0,2.0,1475.0,1.0,12.0,0.0,4.0,1650.0
2023-09-05,0,3,0,0,1,0,0,0,4,2,0,0,0,1,0,0,5.0,3.0,0.0,0.0,0,3.0,0.0,1249.0,2.0,2.0,0.0,1061.0,1.0,7.0,0.0,1650.0,2.0,3.0,0.0,1208.0,1.0,12.0,0.0,5.0,1650.0
2023-09-06,0,0,0,0,0,3,0,0,1,0,0,0,4,2,0,0,5.0,5.0,0.0,0.0,0,0.0,0.0,0.0,0.0,3.0,0.0,1249.0,2.0,2.0,0.0,1061.0,1.0,7.0,0.0,1650.0,2.0,5.0,0.0,3.0,1249.0
2023-09-07,0,1,0,0,0,0,0,0,0,3,0,0,1,0,0,0,1.0,3.0,0.0,0.0,0,5.0,1.0,849.0,0.0,0.0,0.0,0.0,0.0,3.0,0.0,1249.0,2.0,2.0,0.0,1061.0,1.0,8.0,1.0,2.0,1249.0
2023-09-08,0,0,0,0,0,1,0,0,0,0,0,0,0,3,0,0,0.0,4.0,0.0,0.0,0,3.0,0.0,1642.0,1.0,5.0,1.0,849.0,0.0,0.0,0.0,0.0,0.0,3.0,0.0,1249.0,2.0,8.0,1.0,1.0,1642.0
2023-09-09,0,0,0,0,0,0,0,0,0,1,0,0,0,0,0,0,0.0,1.0,0.0,0.0,1,0.0,0.0,0.0,0.0,3.0,0.0,1642.0,1.0,5.0,1.0,849.0,0.0,0.0,0.0,0.0,0.0,8.0,1.0,1.0,1642.0
2023-09-10,0,0,0,0,0,0,0,0,0,0,0,0,0,1,0,0,0.0,1.0,0.0,0.0,1,2.0,0.0,704.0,0.0,0.0,0.0,0.0,0.0,3.0,0.0,1642.0,1.0,5.0,1.0,849.0,0.0,5.0,0.0,1.0,1642.0
2023-09-11,0,3,0,0,0,0,0,0,0,0,0,0,0,0,0,0,0.0,0.0,0.0,0.0,1,5.0,3.0,1716.0,1.0,2.0,0.0,704.0,0.0,0.0,0.0,0.0,0.0,3.0,0.0,1642.0,1.0,7.0,3.0,1.0,1716.0
2023-09-12,0,3,0,0,0,3,0,0,0,0,0,0,0,0,0,0,0.0,3.0,0.0,0.0,0,7.0,0.0,927.0,0.0,5.0,3.0,1716.0,1.0,2.0,0.0,704.0,0.0,0.0,0.0,0.0,0.0,14.0,3.0,1.0,1716.0
2023-09-13,0,0,0,0,0,3,0,0,0,3,0,0,0,0,0,0,0.0,6.0,0.0,0.0,0,3.0,0.0,794.0,0.0,7.0,0.0,927.0,0.0,5.0,3.0,1716.0,1.0,2.0,0.0,704.0,0.0,15.0,3.0,1.0,1716.0
2023-09-14,0,3,0,0,0,0,0,0,0,3,0,0,0,3,0,0,0.0,6.0,0.0,0.0,0,3.0,1.0,915.0,0.0,3.0,0.0,794.0,0.0,7.0,0.0,927.0,0.0,5.0,3.0,1716.0,1.0,13.0,1.0,0.0,927.0
2023-09-15,0,1,0,0,0,3,0,0,0,0,0,0,0,3,0,0,0.0,6.0,0.0,0.0,0,2.0,0.0,396.0,0.0,3.0,1.0,915.0,0.0,3.0,0.0,794.0,0.0,7.0,0.0,927.0,0.0,8.0,1.0,0.0,915.0
2023-09-16,0,3,0,0,0,1,0,0,0,3,0,0,0,0,0,0,0.0,4.0,0.0,0.0,1,2.0,0.0,614.0,0.0,2.0,0.0,396.0,0.0,3.0,1.0,915.0,0.0,3.0,0.0,794.0,0.0,7.0,1.0,0.0,915.0
2023-09-17,0,0,0,0,0,3,0,0,0,1,0,0,0,3,0,0,0.0,7.0,0.0,0.0,1,4.0,0.0,1107.0,1.0,2.0,0.0,614.0,0.0,2.0,0.0,396.0,0.0,3.0,1.0,915.0,0.0,8.0,0.0,1.0,1107.0
2023-09-18,0,0,0,0,0,0,0,0,0,3,0,0,0,1,0,0,0.0,4.0,0.0,0.0,1,3.0,0.0,360.0,0.0,4.0,0.0,1107.0,1.0,2.0,0.0,614.0,0.0,2.0,0.0,396.0,0.0,9.0,0.0,1.0,1107.0
2023-09-19,1,3,0,0,0,0,0,0,0,0,0,0,0,3,0,0,0.0,3.0,0.0,0.0,0,6.0,0.0,544.0,0.0,3.0,0.0,360.0,0.0,4.0,0.0,1107.0,1.0,2.0,0.0,614.0,0.0,13.0,0.0,1.0,1107.0
2023-09-20,0,1,0,0,1,3,0,0,0,0,0,0,0,0,0,0,1.0,3.0,0.0,0.0,0,3.0,1.0,521.0,0.0,6.0,0.0,544.0,0.0,3.0,0.0,360.0,0.0,4.0,0.0,1107.0,1.0,12.0,1.0,0.0,544.0
2023-09-21,0,1,0,0,0,1,0,0,1,3,0,0,0,0,0,0,1.0,4.0,0.0,0.0,1,5.0,0.0,760.0,0.0,3.0,1.0,521.0,0.0,6.0,0.0,544.0,0.0,3.0,0.0,360.0,0.0,14.0,1.0,0.0,760.0
2023-09-22,0,4,0,0,0,1,0,0,0,1,0,0,1,3,0,0,1.0,5.0,0.0,0.0,1,11.0,1.0,1508.0,2.0,5.0,0.0,760.0,0.0,3.0,1.0,521.0,0.0,6.0,0.0,544.0,0.0,19.0,2.0,2.0,1508.0
2023-09-23,0,1,0,0,0,4,0,0,0,1,0,0,0,1,0,0,0.0,6.0,0.0,0.0,1,0.0,0.0,0.0,0.0,11.0,1.0,1508.0,2.0,5.0,0.0,760.0,0.0,3.0,1.0,521.0,0.0,16.0,1.0,2.0,1508.0
2023-09-24,0,2,0,0,0,1,0,0,0,4,0,0,0,1,0,0,0.0,6.0,0.0,0.0,0,5.0,0.0,1099.0,1.0,0.0,0.0,0.0,0.0,11.0,1.0,1508.0,2.0,5.0,0.0,760.0,0.0,16.0,1.0,3.0,1508.0
2023-09-25,0,0,0,0,0,2,0,0,0,1,0,0,0,4,0,0,0.0,7.0,0.0,0.0,0,0.0,0.0,0.0,0.0,5.0,0.0,1099.0,1.0,0.0,0.0,0.0,0.0,11.0,1.0,1508.0,2.0,5.0,0.0,1.0,1099.0
2023-09-26,0,0,0,0,0,0,0,0,0,2,0,0,0,1,0,0,0.0,3.0,0.0,0.0,0,0.0,0.0,0.0,0.0,0.0,0.0,0.0,0.0,5.0,0.0,1099.0,1.0,0.0,0.0,0.0,0.0,5.0,0.0,1.0,1099.0
2023-09-27,0,0,0,1,0,0,0,0,0,0,0,0,0,2,0,0,0.0,2.0,0.0,0.0,0,4.0,0.0,496.0,0.0,0.0,0.0,0.0,0.0,0.0,0.0,0.0,0.0,5.0,0.0,1099.0,1.0,4.0,0.0,0.0,496.0
2023-09-28,0,1,0,0,0,0,0,1,0,0,0,0,0,0,0,0,0.0,0.0,0.0,1.0,0,4.0,0.0,507.0,0.0,4.0,0.0,496.0,0.0,0.0,0.0,0.0,0.0,0.0,0.0,0.0,0.0,8.0,0.0,0.0,507.0
2023-09-29,0,0,0,0,0,1,0,0,0,0,0,1,0,0,0,0,0.0,1.0,0.0,1.0,0,0.0,0.0,0.0,0.0,4.0,0.0,507.0,0.0,4.0,0.0,496.0,0.0,0.0,0.0,0.0,0.0,8.0,0.0,0.0,507.0
2023-09-30,1,1,0,0,0,0,0,0,0,1,0,0,0,0,0,1,0.0,1.0,0.0,1.0,0,4.0,0.0,455.0,0.0,0.0,0.0,0.0,0.0,4.0,0.0,507.0,0.0,4.0,0.0,496.0,0.0,8.0,0.0,0.0,507.0
2023-10-01,0,2,0,0,1,1,0,0,0,0,0,0,0,1,0,0,1.0,2.0,0.0,0.0,0,0.0,0.0,0.0,0.0,4.0,0.0,455.0,0.0,0.0,0.0,0.0,0.0,4.0,0.0,507.0,0.0,4.0,0.0,0.0,455.0
2023-10-02,1,1,0,0,0,2,0,0,1,1,0,0,0,0,0,0,1.0,3.0,0.0,0.0,0,2.0,0.0,543.0,0.0,0.0,0.0,0.0,0.0,4.0,0.0,455.0,0.0,0.0,0.0,0.0,0.0,6.0,0.0,0.0,543.0
2023-10-03,0,0,0,1,1,1,0,0,0,2,0,0,1,1,0,0,2.0,4.0,0.0,0.0,0,3.0,0.0,632.0,0.0,2.0,0.0,543.0,0.0,0.0,0.0,0.0,0.0,4.0,0.0,455.0,0.0,5.0,0.0,0.0,632.0
2023-10-04,0,0,0,0,0,0,0,1,1,1,0,0,0,2,0,0,1.0,3.0,0.0,1.0,0,2.0,0.0,727.0,0.0,3.0,0.0,632.0,0.0,2.0,0.0,543.0,0.0,0.0,0.0,0.0,0.0,7.0,0.0,0.0,727.0
2023-10-05,0,0,0,0,0,0,0,0,0,0,0,1,1,1,0,0,1.0,1.0,0.0,1.0,0,4.0,0.0,754.0,0.0,2.0,0.0,727.0,0.0,3.0,0.0,632.0,0.0,2.0,0.0,543.0,0.0,9.0,0.0,0.0,754.0
2023-10-06,0,0,0,0,0,0,0,0,0,0,0,0,0,0,0,1,0.0,0.0,0.0,1.0,0,1.0,0.0,343.0,0.0,4.0,0.0,754.0,0.0,2.0,0.0,727.0,0.0,3.0,0.0,632.0,0.0,7.0,0.0,0.0,754.0
2023-10-07,0,1,0,0,0,0,0,0,0,0,0,0,0,0,0,0,0.0,0.0,0.0,0.0,0,1.0,0.0,341.0,0.0,1.0,0.0,343.0,0.0,4.0,0.0,754.0,0.0,2.0,0.0,727.0,0.0,6.0,0.0,0.0,754.0
2023-10-08,0,0,0,0,0,1,0,0,0,0,0,0,0,0,0,0,0.0,1.0,0.0,0.0,0,5.0,0.0,611.0,0.0,1.0,0.0,341.0,0.0,1.0,0.0,343.0,0.0,4.0,0.0,754.0,0.0,7.0,0.0,0.0,611.0
2023-10-09,0,0,0,0,0,0,0,0,0,1,0,0,0,0,0,0,0.0,1.0,0.0,0.0,0,1.0,0.0,422.0,0.0,5.0,0.0,611.0,0.0,1.0,0.0,341.0,0.0,1.0,0.0,343.0,0.0,7.0,0.0,0.0,611.0
2023-10-10,0,2,0,0,0,0,0,0,0,0,0,0,0,1,0,0,0.0,1.0,0.0,0.0,0,4.0,0.0,1197.0,1.0,1.0,0.0,422.0,0.0,5.0,0.0,611.0,0.0,1.0,0.0,341.0,0.0,10.0,0.0,1.0,1197.0
2023-10-11,0,0,0,0,0,2,0,0,0,0,0,0,0,0,0,0,0.0,2.0,0.0,0.0,0,5.0,0.0,888.0,0.0,4.0,0.0,1197.0,1.0,1.0,0.0,422.0,0.0,5.0,0.0,611.0,0.0,10.0,0.0,1.0,1197.0
2023-10-12,1,1,0,0,0,0,0,0,0,2,0,0,0,0,0,0,0.0,2.0,0.0,0.0,0,4.0,0.0,617.0,0.0,5.0,0.0,888.0,0.0,4.0,0.0,1197.0,1.0,1.0,0.0,422.0,0.0,13.0,0.0,1.0,1197.0
2023-10-13,0,0,0,2,1,1,0,0,0,0,0,0,0,2,0,0,1.0,3.0,0.0,0.0,0,1.0,0.0,274.0,0.0,4.0,0.0,617.0,0.0,5.0,0.0,888.0,0.0,4.0,0.0,1197.0,1.0,10.0,0.0,0.0,888.0
2023-10-14,0,0,0,0,0,0,0,2,1,1,0,0,0,0,0,0,1.0,1.0,0.0,2.0,0,3.0,2.0,539.0,0.0,1.0,0.0,274.0,0.0,4.0,0.0,617.0,0.0,5.0,0.0,888.0,0.0,8.0,2.0,0.0,617.0
2023-10-15,0,0,0,0,0,0,0,0,0,0,0,2,1,1,0,0,1.0,1.0,0.0,2.0,0,4.0,0.0,583.0,0.0,3.0,2.0,539.0,0.0,1.0,0.0,274.0,0.0,4.0,0.0,617.0,0.0,8.0,2.0,0.0,583.0
2023-10-16,1,0,0,0,0,0,0,0,0,0,0,0,0,0,0,2,0.0,0.0,0.0,2.0,0,2.0,1.0,720.0,0.0,4.0,0.0,583.0,0.0,3.0,2.0,539.0,0.0,1.0,0.0,274.0,0.0,9.0,3.0,0.0,720.0
2023-10-17,1,0,0,0,1,0,0,0,0,0,0,0,0,0,0,0,1.0,0.0,0.0,0.0,0,1.0,1.0,497.0,0.0,2.0,1.0,720.0,0.0,4.0,0.0,583.0,0.0,3.0,2.0,539.0,0.0,7.0,2.0,0.0,720.0
2023-10-18,0,0,0,1,1,0,0,0,1,0,0,0,0,0,0,0,2.0,0.0,0.0,0.0,0,5.0,1.0,794.0,0.0,1.0,1.0,497.0,0.0,2.0,1.0,720.0,0.0,4.0,0.0,583.0,0.0,8.0,3.0,0.0,794.0
2023-10-19,0,0,0,0,0,0,0,1,1,0,0,0,1,0,0,0,2.0,0.0,0.0,1.0,0,5.0,0.0,1134.0,1.0,5.0,1.0,794.0,0.0,1.0,1.0,497.0,0.0,2.0,1.0,720.0,0.0,11.0,2.0,1.0,1134.0
2023-10-20,0,0,0,0,0,0,0,0,0,0,0,1,1,0,0,0,1.0,0.0,0.0,1.0,0,2.0,0.0,392.0,0.0,5.0,0.0,1134.0,1.0,5.0,1.0,794.0,0.0,1.0,1.0,497.0,0.0,12.0,1.0,1.0,1134.0
2023-10-21,0,0,0,0,0,0,0,0,0,0,0,0,0,0,0,1,0.0,0.0,0.0,1.0,0,5.0,0.0,570.0,0.0,2.0,0.0,392.0,0.0,5.0,0.0,1134.0,1.0,5.0,1.0,794.0,0.0,12.0,0.0,1.0,1134.0
2023-10-22,0,0,0,0,0,0,0,0,0,0,0,0,0,0,0,0,0.0,0.0,0.0,0.0,0,5.0,0.0,709.0,0.0,5.0,0.0,570.0,0.0,2.0,0.0,392.0,0.0,5.0,0.0,1134.0,1.0,12.0,0.0,0.0,709.0
2023-10-23,0,0,0,0,0,0,0,0,0,0,0,0,0,0,0,0,0.0,0.0,0.0,0.0,0,3.0,0.0,521.0,0.0,5.0,0.0,709.0,0.0,5.0,0.0,570.0,0.0,2.0,0.0,392.0,0.0,13.0,0.0,0.0,709.0
2023-10-24,0,0,0,0,0,0,0,0,0,0,0,0,0,0,0,0,0.0,0.0,0.0,0.0,0,3.0,0.0,763.0,0.0,3.0,0.0,521.0,0.0,5.0,0.0,709.0,0.0,5.0,0.0,570.0,0.0,11.0,0.0,0.0,763.0
2023-10-25,2,0,0,0,0,0,0,0,0,0,0,0,0,0,0,0,0.0,0.0,0.0,0.0,0,3.0,0.0,579.0,0.0,3.0,0.0,763.0,0.0,3.0,0.0,521.0,0.0,5.0,0.0,709.0,0.0,9.0,0.0,0.0,763.0
2023-10-26,0,1,0,2,2,0,0,0,0,0,0,0,0,0,0,0,2.0,0.0,0.0,0.0,0,1.0,0.0,1045.0,1.0,3.0,0.0,579.0,0.0,3.0,0.0,763.0,0.0,3.0,0.0,521.0,0.0,7.0,0.0,1.0,1045.0
2023-10-27,0,0,0,0,0,1,0,2,2,0,0,0,0,0,0,0,2.0,1.0,0.0,2.0,0,3.0,0.0,539.0,0.0,1.0,0.0,1045.0,1.0,3.0,0.0,579.0,0.0,3.0,0.0,763.0,0.0,7.0,0.0,1.0,1045.0
2023-10-28,0,0,0,2,0,0,0,0,0,1,0,2,2,0,0,0,2.0,1.0,0.0,2.0,0,2.0,0.0,397.0,0.0,3.0,0.0,539.0,0.0,1.0,0.0,1045.0,1.0,3.0,0.0,579.0,0.0,6.0,0.0,1.0,1045.0
2023-10-29,0,0,0,0,0,0,0,2,0,0,0,0,0,1,0,2,0.0,1.0,0.0,4.0,0,3.0,0.0,391.0,0.0,2.0,0.0,397.0,0.0,3.0,0.0,539.0,0.0,1.0,0.0,1045.0,1.0,8.0,0.0,0.0,539.0
2023-10-30,0,0,0,0,0,0,0,0,0,0,0,2,0,0,0,0,0.0,0.0,0.0,2.0,0,2.0,0.0,567.0,0.0,3.0,0.0,391.0,0.0,2.0,0.0,397.0,0.0,3.0,0.0,539.0,0.0,7.0,0.0,0.0,567.0
2023-10-31,1,0,0,0,0,0,0,0,0,0,0,0,0,0,0,2,0.0,0.0,0.0,2.0,0,4.0,1.0,785.0,0.0,2.0,0.0,567.0,0.0,3.0,0.0,391.0,0.0,2.0,0.0,397.0,0.0,9.0,1.0,0.0,785.0
2023-11-01,0,2,0,0,1,0,0,0,0,0,0,0,0,0,0,0,1.0,0.0,0.0,0.0,0,1.0,0.0,387.0,0.0,4.0,1.0,785.0,0.0,2.0,0.0,567.0,0.0,3.0,0.0,391.0,0.0,7.0,1.0,0.0,785.0
2023-11-02,1,2,0,0,0,2,0,0,1,0,0,0,0,0,0,0,1.0,2.0,0.0,0.0,1,4.0,0.0,700.0,0.0,1.0,0.0,387.0,0.0,4.0,1.0,785.0,0.0,2.0,0.0,567.0,0.0,9.0,1.0,0.0,785.0
2023-11-03,1,0,0,0,1,2,0,0,0,2,0,0,1,0,0,0,2.0,4.0,0.0,0.0,1,4.0,0.0,874.0,0.0,4.0,0.0,700.0,0.0,1.0,0.0,387.0,0.0,4.0,1.0,785.0,0.0,9.0,0.0,0.0,874.0
2023-11-04,0,0,0,0,1,0,0,0,1,2,0,0,0,2,0,0,2.0,4.0,0.0,0.0,1,4.0,0.0,572.0,0.0,4.0,0.0,874.0,0.0,4.0,0.0,700.0,0.0,1.0,0.0,387.0,0.0,12.0,0.0,0.0,874.0
2023-11-05,0,2,0,0,0,0,0,0,1,0,0,0,1,2,0,0,2.0,2.0,0.0,0.0,0,4.0,0.0,735.0,0.0,4.0,0.0,572.0,0.0,4.0,0.0,874.0,0.0,4.0,0.0,700.0,0.0,12.0,0.0,0.0,874.0
2023-11-06,0,0,0,1,0,2,0,0,0,0,0,0,1,0,0,0,1.0,2.0,0.0,0.0,0,1.0,0.0,595.0,0.0,4.0,0.0,735.0,0.0,4.0,0.0,572.0,0.0,4.0,0.0,874.0,0.0,9.0,0.0,0.0,735.0
2023-11-07,0,0,0,0,0,0,0,1,0,2,0,0,0,0,0,0,0.0,2.0,0.0,1.0,0,2.0,0.0,370.0,0.0,1.0,0.0,595.0,0.0,4.0,0.0,735.0,0.0,4.0,0.0,572.0,0.0,7.0,0.0,0.0,735.0
2023-11-08,0,0,0,0,0,0,0,0,0,0,0,1,0,2,0,0,0.0,2.0,0.0,1.0,0,3.0,0.0,871.0,0.0,2.0,0.0,370.0,0.0,1.0,0.0,595.0,0.0,4.0,0.0,735.0,0.0,6.0,0.0,0.0,871.0
2023-11-09,1,0,0,0,0,0,0,0,0,0,0,0,0,0,0,1,0.0,0.0,0.0,1.0,0,1.0,0.0,817.0,0.0,3.0,0.0,871.0,0.0,2.0,0.0,370.0,0.0,1.0,0.0,595.0,0.0,6.0,0.0,0.0,871.0
2023-11-10,0,0,0,0,1,0,0,0,0,0,0,0,0,0,0,0,1.0,0.0,0.0,0.0,0,1.0,1.0,454.0,0.0,1.0,0.0,817.0,0.0,3.0,0.0,871.0,0.0,2.0,0.0,370.0,0.0,5.0,1.0,0.0,871.0
2023-11-11,0,1,0,0,0,0,0,0,1,0,0,0,0,0,0,0,1.0,0.0,0.0,0.0,0,1.0,0.0,265.0,0.0,1.0,1.0,454.0,0.0,1.0,0.0,817.0,0.0,3.0,0.0,871.0,0.0,3.0,1.0,0.0,817.0
2023-11-12,0,0,0,0,0,1,0,0,0,0,0,0,1,0,0,0,1.0,1.0,0.0,0.0,0,2.0,0.0,425.0,0.0,1.0,0.0,265.0,0.0,1.0,1.0,454.0,0.0,1.0,0.0,817.0,0.0,4.0,1.0,0.0,454.0
2023-11-13,0,0,0,1,0,0,0,0,0,1,0,0,0,0,0,0,0.0,1.0,0.0,0.0,0,1.0,0.0,302.0,0.0,2.0,0.0,425.0,0.0,1.0,0.0,265.0,0.0,1.0,1.0,454.0,0.0,4.0,0.0,0.0,425.0
2023-11-14,1,1,0,0,0,0,0,1,0,0,0,0,0,1,0,0,0.0,1.0,0.0,1.0,0,7.0,0.0,582.0,0.0,1.0,0.0,302.0,0.0,2.0,0.0,425.0,0.0,1.0,0.0,265.0,0.0,10.0,0.0,0.0,582.0
2023-11-15,2,0,0,0,1,1,0,0,0,0,0,1,0,0,0,0,1.0,1.0,0.0,1.0,0,6.0,0.0,643.0,0.0,7.0,0.0,582.0,0.0,1.0,0.0,302.0,0.0,2.0,0.0,425.0,0.0,14.0,0.0,0.0,643.0
2023-11-16,1,0,0,0,2,0,0,0,1,1,0,0,0,0,0,1,3.0,1.0,0.0,1.0,0,8.0,0.0,723.0,0.0,6.0,0.0,643.0,0.0,7.0,0.0,582.0,0.0,1.0,0.0,302.0,0.0,21.0,0.0,0.0,723.0
2023-11-17,0,0,0,0,1,0,0,0,2,0,0,0,1,1,0,0,4.0,1.0,0.0,0.0,0,3.0,0.0,362.0,0.0,8.0,0.0,723.0,0.0,6.0,0.0,643.0,0.0,7.0,0.0,582.0,0.0,17.0,0.0,0.0,723.0
2023-11-18,0,3,0,0,0,0,0,0,1,0,0,0,2,0,0,0,3.0,0.0,0.0,0.0,0,3.0,0.0,375.0,0.0,3.0,0.0,362.0,0.0,8.0,0.0,723.0,0.0,6.0,0.0,643.0,0.0,14.0,0.0,0.0,723.0
2023-11-19,0,0,0,0,0,3,0,0,0,0,0,0,1,0,0,0,1.0,3.0,0.0,0.0,0,5.0,0.0,505.0,0.0,3.0,0.0,375.0,0.0,3.0,0.0,362.0,0.0,8.0,0.0,723.0,0.0,11.0,0.0,0.0,505.0
2023-11-20,0,1,0,0,0,0,0,0,0,3,0,0,0,0,0,0,0.0,3.0,0.0,0.0,0,6.0,0.0,717.0,0.0,5.0,0.0,505.0,0.0,3.0,0.0,375.0,0.0,3.0,0.0,362.0,0.0,14.0,0.0,0.0,717.0
2023-11-21,0,0,0,1,0,1,0,0,0,0,0,0,0,3,0,0,0.0,4.0,0.0,0.0,0,4.0,0.0,648.0,0.0,6.0,0.0,717.0,0.0,5.0,0.0,505.0,0.0,3.0,0.0,375.0,0.0,15.0,0.0,0.0,717.0
2023-11-22,1,0,0,1,0,0,0,1,0,1,0,0,0,0,0,0,0.0,1.0,0.0,1.0,1,5.0,0.0,702.0,0.0,4.0,0.0,648.0,0.0,6.0,0.0,717.0,0.0,5.0,0.0,505.0,0.0,15.0,0.0,0.0,717.0
2023-11-23,0,2,0,0,1,0,0,1,0,0,0,1,0,1,0,0,1.0,1.0,0.0,2.0,1,5.0,2.0,1215.0,1.0,5.0,0.0,702.0,0.0,4.0,0.0,648.0,0.0,6.0,0.0,717.0,0.0,14.0,2.0,1.0,1215.0
2023-11-24,0,1,0,1,0,2,0,0,1,0,0,1,0,0,0,1,1.0,2.0,0.0,2.0,1,4.0,1.0,833.0,0.0,5.0,2.0,1215.0,1.0,5.0,0.0,702.0,0.0,4.0,0.0,648.0,0.0,14.0,3.0,1.0,1215.0
2023-11-25,0,0,0,0,0,1,0,1,0,2,0,0,1,0,0,1,1.0,3.0,0.0,2.0,0,3.0,0.0,389.0,0.0,4.0,1.0,833.0,0.0,5.0,2.0,1215.0,1.0,5.0,0.0,702.0,0.0,12.0,3.0,1.0,1215.0
2023-11-26,1,0,0,0,0,0,0,0,0,1,0,1,0,2,0,0,0.0,3.0,0.0,1.0,0,1.0,0.0,491.0,0.0,3.0,0.0,389.0,0.0,4.0,1.0,833.0,0.0,5.0,2.0,1215.0,1.0,8.0,1.0,0.0,833.0
2023-11-27,2,0,0,0,1,0,0,0,0,0,0,0,0,1,0,1,1.0,1.0,0.0,1.0,0,3.0,1.0,997.0,0.0,1.0,0.0,491.0,0.0,3.0,0.0,389.0,0.0,4.0,1.0,833.0,0.0,7.0,1.0,0.0,997.0
2023-11-28,0,2,0,0,2,0,0,0,1,0,0,0,0,0,0,0,3.0,0.0,0.0,0.0,1,4.0,0.0,1121.0,1.0,3.0,1.0,997.0,0.0,1.0,0.0,491.0,0.0,3.0,0.0,389.0,0.0,8.0,1.0,1.0,1121.0
2023-11-29,0,0,0,0,0,2,0,0,2,0,0,0,1,0,0,0,3.0,2.0,0.0,0.0,1,1.0,0.0,430.0,0.0,4.0,0.0,1121.0,1.0,3.0,1.0,997.0,0.0,1.0,0.0,491.0,0.0,8.0,1.0,1.0,1121.0
2023-11-30,1,0,0,0,0,0,0,0,0,2,0,0,2,0,0,0,2.0,2.0,0.0,0.0,1,2.0,0.0,505.0,0.0,1.0,0.0,430.0,0.0,4.0,0.0,1121.0,1.0,3.0,1.0,997.0,0.0,7.0,0.0,1.0,1121.0
2023-12-01,2,2,0,0,1,0,0,0,0,0,0,0,0,2,0,0,1.0,2.0,0.0,0.0,0,5.0,0.0,794.0,0.0,2.0,0.0,505.0,0.0,1.0,0.0,430.0,0.0,4.0,0.0,1121.0,1.0,8.0,0.0,0.0,794.0
2023-12-02,0,0,0,0,2,2,0,0,1,0,0,0,0,0,0,0,3.0,2.0,0.0,0.0,0,2.0,0.0,423.0,0.0,5.0,0.0,794.0,0.0,2.0,0.0,505.0,0.0,1.0,0.0,430.0,0.0,9.0,0.0,0.0,794.0
2023-12-03,0,0,0,1,0,0,0,0,2,2,0,0,1,0,0,0,3.0,2.0,0.0,0.0,0,8.0,0.0,622.0,0.0,2.0,0.0,423.0,0.0,5.0,0.0,794.0,0.0,2.0,0.0,505.0,0.0,15.0,0.0,0.0,794.0
2023-12-04,0,0,0,1,0,0,0,1,0,0,0,0,2,2,0,0,2.0,2.0,0.0,1.0,0,1.0,0.0,309.0,0.0,8.0,0.0,622.0,0.0,2.0,0.0,423.0,0.0,5.0,0.0,794.0,0.0,11.0,0.0,0.0,622.0
2023-12-05,1,3,0,0,0,0,0,1,0,0,0,1,0,0,0,0,0.0,0.0,0.0,2.0,0,6.0,0.0,619.0,0.0,1.0,0.0,309.0,0.0,8.0,0.0,622.0,0.0,2.0,0.0,423.0,0.0,15.0,0.0,0.0,622.0
2023-12-06,0,2,0,0,1,3,0,0,0,0,0,1,0,0,0,1,1.0,3.0,0.0,2.0,0,3.0,2.0,810.0,0.0,6.0,0.0,619.0,0.0,1.0,0.0,309.0,0.0,8.0,0.0,622.0,0.0,10.0,2.0,0.0,810.0
2023-12-07,0,0,0,0,0,2,0,0,1,3,0,0,0,0,0,1,1.0,5.0,0.0,1.0,0,5.0,0.0,1257.0,1.0,3.0,2.0,810.0,0.0,6.0,0.0,619.0,0.0,1.0,0.0,309.0,0.0,14.0,2.0,1.0,1257.0
2023-12-08,0,1,0,0,0,0,0,0,0,2,0,0,1,3,0,0,1.0,5.0,0.0,0.0,0,4.0,0.0,779.0,0.0,5.0,0.0,1257.0,1.0,3.0,2.0,810.0,0.0,6.0,0.0,619.0,0.0,12.0,2.0,1.0,1257.0
2023-12-09,0,2,0,0,0,1,0,0,0,0,0,0,0,2,0,0,0.0,3.0,0.0,0.0,0,2.0,0.0,933.0,0.0,4.0,0.0,779.0,0.0,5.0,0.0,1257.0,1.0,3.0,2.0,810.0,0.0,11.0,0.0,1.0,1257.0
2023-12-10,0,2,0,0,0,2,0,0,0,1,0,0,0,0,0,0,0.0,3.0,0.0,0.0,0,2.0,0.0,566.0,0.0,2.0,0.0,933.0,0.0,4.0,0.0,779.0,0.0,5.0,0.0,1257.0,1.0,8.0,0.0,0.0,933.0
2023-12-11,1,0,0,0,0,2,0,0,0,2,0,0,0,1,0,0,0.0,5.0,0.0,0.0,0,1.0,0.0,414.0,0.0,2.0,0.0,566.0,0.0,2.0,0.0,933.0,0.0,4.0,0.0,779.0,0.0,5.0,0.0,0.0,933.0
2023-12-12,1,0,0,0,1,0,0,0,0,2,0,0,0,2,0,0,1.0,4.0,0.0,0.0,0,2.0,0.0,943.0,0.0,1.0,0.0,414.0,0.0,2.0,0.0,566.0,0.0,2.0,0.0,933.0,0.0,5.0,0.0,0.0,943.0
2023-12-13,0,0,0,0,1,0,0,0,1,0,0,0,0,2,0,0,2.0,2.0,0.0,0.0,0,3.0,0.0,696.0,0.0,2.0,0.0,943.0,0.0,1.0,0.0,414.0,0.0,2.0,0.0,566.0,0.0,6.0,0.0,0.0,943.0
2023-12-14,0,2,1,0,0,0,0,0,1,0,0,0,1,0,0,0,2.0,0.0,0.0,0.0,0,6.0,2.0,1310.0,1.0,3.0,0.0,696.0,0.0,2.0,0.0,943.0,0.0,1.0,0.0,414.0,0.0,11.0,2.0,1.0,1310.0
2023-12-15,0,2,0,0,0,2,1,0,0,0,0,0,1,0,0,0,1.0,2.0,1.0,0.0,1,2.0,0.0,1264.0,1.0,6.0,2.0,1310.0,1.0,3.0,0.0,696.0,0.0,2.0,0.0,943.0,0.0,11.0,2.0,2.0,1310.0
2023-12-16,1,0,0,0,0,2,0,0,0,2,1,0,0,0,0,0,0.0,4.0,1.0,0.0,1,4.0,1.0,676.0,0.0,2.0,0.0,1264.0,1.0,6.0,2.0,1310.0,1.0,3.0,0.0,696.0,0.0,12.0,3.0,2.0,1310.0
2023-12-17,0,1,0,0,1,0,0,0,0,2,0,0,0,2,1,0,1.0,4.0,1.0,0.0,1,8.0,0.0,691.0,0.0,4.0,1.0,676.0,0.0,2.0,0.0,1264.0,1.0,6.0,2.0,1310.0,1.0,14.0,1.0,1.0,1264.0
2023-12-18,0,0,0,1,0,1,0,0,1,0,0,0,0,2,0,0,1.0,3.0,0.0,0.0,0,2.0,0.0,395.0,0.0,8.0,0.0,691.0,0.0,4.0,1.0,676.0,0.0,2.0,0.0,1264.0,1.0,14.0,1.0,0.0,691.0
2023-12-19,0,0,0,0,0,0,0,1,0,1,0,0,1,0,0,0,1.0,1.0,0.0,1.0,0,1.0,0.0,258.0,0.0,2.0,0.0,395.0,0.0,8.0,0.0,691.0,0.0,4.0,1.0,676.0,0.0,11.0,0.0,0.0,691.0
2023-12-20,1,0,0,0,0,0,0,0,0,0,0,1,0,1,0,0,0.0,1.0,0.0,1.0,0,3.0,0.0,584.0,0.0,1.0,0.0,258.0,0.0,2.0,0.0,395.0,0.0,8.0,0.0,691.0,0.0,6.0,0.0,0.0,584.0
2023-12-21,0,2,0,0,1,0,0,0,0,0,0,0,0,0,0,1,1.0,0.0,0.0,1.0,0,2.0,0.0,634.0,0.0,3.0,0.0,584.0,0.0,1.0,0.0,258.0,0.0,2.0,0.0,395.0,0.0,6.0,0.0,0.0,634.0
2023-12-22,2,0,0,0,0,2,0,0,1,0,0,0,0,0,0,0,1.0,2.0,0.0,0.0,0,5.0,0.0,621.0,0.0,2.0,0.0,634.0,0.0,3.0,0.0,584.0,0.0,1.0,0.0,258.0,0.0,10.0,0.0,0.0,634.0
2023-12-23,0,0,0,0,2,0,0,0,0,2,0,0,1,0,0,0,3.0,2.0,0.0,0.0,0,1.0,0.0,394.0,0.0,5.0,0.0,621.0,0.0,2.0,0.0,634.0,0.0,3.0,0.0,584.0,0.0,8.0,0.0,0.0,634.0
2023-12-24,0,3,0,0,0,0,0,0,2,0,0,0,0,2,0,0,2.0,2.0,0.0,0.0,0,5.0,1.0,790.0,0.0,1.0,0.0,394.0,0.0,5.0,0.0,621.0,0.0,2.0,0.0,634.0,0.0,11.0,1.0,0.0,790.0
2023-12-25,0,0,0,0,0,3,0,0,0,0,0,0,2,0,0,0,2.0,3.0,0.0,0.0,0,2.0,1.0,766.0,0.0,5.0,1.0,790.0,0.0,1.0,0.0,394.0,0.0,5.0,0.0,621.0,0.0,8.0,2.0,0.0,790.0
2023-12-26,0,0,0,0,0,0,0,0,0,3,0,0,0,0,0,0,0.0,3.0,0.0,0.0,0,2.0,0.0,539.0,0.0,2.0,1.0,766.0,0.0,5.0,1.0,790.0,0.0,1.0,0.0,394.0,0.0,9.0,2.0,0.0,790.0
2023-12-27,0,0,0,0,0,0,0,0,0,0,0,0,0,3,0,0,0.0,3.0,0.0,0.0,0,7.0,0.0,646.0,0.0,2.0,0.0,539.0,0.0,2.0,1.0,766.0,0.0,5.0,1.0,790.0,0.0,11.0,1.0,0.0,766.0
2023-12-28,0,0,0,0,0,0,0,0,0,0,0,0,0,0,0,0,0.0,0.0,0.0,0.0,0,4.0,0.0,487.0,0.0,7.0,0.0,646.0,0.0,2.0,0.0,539.0,0.0,2.0,1.0,766.0,0.0,13.0,0.0,0.0,646.0
2023-12-29,0,0,0,0,0,0,0,0,0,0,0,0,0,0,0,0,0.0,0.0,0.0,0.0,0,2.0,0.0,909.0,0.0,4.0,0.0,487.0,0.0,7.0,0.0,646.0,0.0,2.0,0.0,539.0,0.0,13.0,0.0,0.0,909.0
2023-12-30,0,0,0,0,0,0,0,0,0,0,0,0,0,0,0,0,0.0,0.0,0.0,0.0,0,3.0,0.0,765.0,0.0,2.0,0.0,909.0,0.0,4.0,0.0,487.0,0.0,7.0,0.0,646.0,0.0,9.0,0.0,0.0,909.0
2023-12-31,0,1,1,0,0,0,0,0,0,0,0,0,0,0,0,0,0.0,0.0,0.0,0.0,0,7.0,2.0,2628.0,1.0,3.0,0.0,765.0,0.0,2.0,0.0,909.0,0.0,4.0,0.0,487.0,0.0,12.0,2.0,1.0,2628.0
2024-01-01,0,2,0,0,0,1,1,0,0,0,0,0,0,0,0,0,0.0,1.0,1.0,0.0,0,1.0,0.0,416.0,0.0,7.0,2.0,2628.0,1.0,3.0,0.0,765.0,0.0,2.0,0.0,909.0,0.0,11.0,2.0,1.0,2628.0
2024-01-02,0,1,0,0,0,2,0,0,0,1,1,0,0,0,0,0,0.0,3.0,1.0,0.0,0,3.0,0.0,617.0,0.0,1.0,0.0,416.0,0.0,7.0,2.0,2628.0,1.0,3.0,0.0,765.0,0.0,11.0,2.0,1.0,2628.0
2024-01-03,0,0,0,0,0,1,0,0,0,2,0,0,0,1,1,0,0.0,4.0,1.0,0.0,0,2.0,0.0,413.0,0.0,3.0,0.0,617.0,0.0,1.0,0.0,416.0,0.0,7.0,2.0,2628.0,1.0,6.0,0.0,0.0,617.0
2024-01-04,0,2,0,0,0,0,0,0,0,1,0,0,0,2,0,0,0.0,3.0,0.0,0.0,0,4.0,0.0,893.0,0.0,2.0,0.0,413.0,0.0,3.0,0.0,617.0,0.0,1.0,0.0,416.0,0.0,9.0,0.0,0.0,893.0
2024-01-05,0,0,0,0,0,2,0,0,0,0,0,0,0,1,0,0,0.0,3.0,0.0,0.0,0,4.0,0.0,623.0,0.0,4.0,0.0,893.0,0.0,2.0,0.0,413.0,0.0,3.0,0.0,617.0,0.0,10.0,0.0,0.0,893.0
2024-01-06,4,0,0,0,0,0,0,0,0,2,0,0,0,0,0,0,0.0,2.0,0.0,0.0,0,6.0,2.0,729.0,0.0,4.0,0.0,623.0,0.0,4.0,0.0,893.0,0.0,2.0,0.0,413.0,0.0,14.0,2.0,0.0,893.0
2024-01-07,0,0,0,0,4,0,0,0,0,0,0,0,0,2,0,0,4.0,2.0,0.0,0.0,0,0.0,0.0,0.0,0.0,6.0,2.0,729.0,0.0,4.0,0.0,623.0,0.0,4.0,0.0,893.0,0.0,10.0,2.0,0.0,729.0
2024-01-08,0,0,0,0,0,0,0,0,4,0,0,0,0,0,0,0,4.0,0.0,0.0,0.0,0,2.0,0.0,735.0,0.0,0.0,0.0,0.0,0.0,6.0,2.0,729.0,0.0,4.0,0.0,623.0,0.0,8.0,2.0,0.0,735.0
2024-01-09,0,0,0,0,0,0,0,0,0,0,0,0,4,0,0,0,4.0,0.0,0.0,0.0,0,7.0,1.0,674.0,0.0,2.0,0.0,735.0,0.0,0.0,0.0,0.0,0.0,6.0,2.0,729.0,0.0,9.0,1.0,0.0,735.0
2024-01-10,2,2,0,0,0,0,0,0,0,0,0,0,0,0,0,0,0.0,0.0,0.0,0.0,0,7.0,0.0,981.0,0.0,7.0,1.0,674.0,0.0,2.0,0.0,735.0,0.0,0.0,0.0,0.0,0.0,16.0,1.0,0.0,981.0
2024-01-11,1,3,0,0,2,2,0,0,0,0,0,0,0,0,0,0,2.0,2.0,0.0,0.0,0,4.0,0.0,633.0,0.0,7.0,0.0,981.0,0.0,7.0,1.0,674.0,0.0,2.0,0.0,735.0,0.0,18.0,1.0,0.0,981.0
2024-01-12,0,1,0,0,1,3,0,0,2,2,0,0,0,0,0,0,3.0,5.0,0.0,0.0,0,6.0,0.0,900.0,0.0,4.0,0.0,633.0,0.0,7.0,0.0,981.0,0.0,7.0,1.0,674.0,0.0,17.0,0.0,0.0,981.0
2024-01-13,0,0,0,0,0,1,0,0,1,3,0,0,2,2,0,0,3.0,6.0,0.0,0.0,0,2.0,0.0,315.0,0.0,6.0,0.0,900.0,0.0,4.0,0.0,633.0,0.0,7.0,0.0,981.0,0.0,12.0,0.0,0.0,900.0
2024-01-14,1,0,0,0,0,0,0,0,0,1,0,0,1,3,0,0,1.0,4.0,0.0,0.0,0,2.0,0.0,948.0,0.0,2.0,0.0,315.0,0.0,6.0,0.0,900.0,0.0,4.0,0.0,633.0,0.0,10.0,0.0,0.0,948.0
2024-01-15,0,0,0,0,1,0,0,0,0,0,0,0,0,1,0,0,1.0,1.0,0.0,0.0,0,1.0,0.0,639.0,0.0,2.0,0.0,948.0,0.0,2.0,0.0,315.0,0.0,6.0,0.0,900.0,0.0,5.0,0.0,0.0,948.0
2024-01-16,0,0,0,0,0,0,0,0,1,0,0,0,0,0,0,0,1.0,0.0,0.0,0.0,0,2.0,0.0,400.0,0.0,1.0,0.0,639.0,0.0,2.0,0.0,948.0,0.0,2.0,0.0,315.0,0.0,5.0,0.0,0.0,948.0
2024-01-17,1,0,0,0,0,0,0,0,0,0,0,0,1,0,0,0,1.0,0.0,0.0,0.0,0,3.0,0.0,471.0,0.0,2.0,0.0,400.0,0.0,1.0,0.0,639.0,0.0,2.0,0.0,948.0,0.0,6.0,0.0,0.0,639.0
2024-01-18,0,0,0,0,1,0,0,0,0,0,0,0,0,0,0,0,1.0,0.0,0.0,0.0,0,1.0,0.0,772.0,0.0,3.0,0.0,471.0,0.0,2.0,0.0,400.0,0.0,1.0,0.0,639.0,0.0,6.0,0.0,0.0,772.0
2024-01-19,0,0,0,0,0,0,0,0,1,0,0,0,0,0,0,0,1.0,0.0,0.0,0.0,0,1.0,0.0,341.0,0.0,1.0,0.0,772.0,0.0,3.0,0.0,471.0,0.0,2.0,0.0,400.0,0.0,5.0,0.0,0.0,772.0
2024-01-20,1,0,0,0,0,0,0,0,0,0,0,0,1,0,0,0,1.0,0.0,0.0,0.0,0,4.0,0.0,1088.0,1.0,1.0,0.0,341.0,0.0,1.0,0.0,772.0,0.0,3.0,0.0,471.0,0.0,6.0,0.0,1.0,1088.0
2024-01-21,2,0,0,0,1,0,0,0,0,0,0,0,0,0,0,0,1.0,0.0,0.0,0.0,0,3.0,1.0,1180.0,2.0,4.0,0.0,1088.0,1.0,1.0,0.0,341.0,0.0,1.0,0.0,772.0,0.0,8.0,1.0,3.0,1180.0
2024-01-22,0,7,0,0,2,0,0,0,1,0,0,0,0,0,0,0,3.0,0.0,0.0,0.0,0,6.0,1.0,746.0,0.0,3.0,1.0,1180.0,2.0,4.0,0.0,1088.0,1.0,1.0,0.0,341.0,0.0,13.0,2.0,3.0,1180.0
2024-01-23,2,10,0,0,0,7,0,0,2,0,0,0,1,0,0,0,3.0,7.0,0.0,0.0,0,7.0,2.0,1137.0,1.0,6.0,1.0,746.0,0.0,3.0,1.0,1180.0,2.0,4.0,0.0,1088.0,1.0,16.0,4.0,3.0,1180.0
2024-01-24,2,4,0,0,2,10,0,0,0,7,0,0,2,0,0,0,4.0,17.0,0.0,0.0,0,5.0,0.0,619.0,0.0,7.0,2.0,1137.0,1.0,6.0,1.0,746.0,0.0,3.0,1.0,1180.0,2.0,18.0,3.0,1.0,1137.0
2024-01-25,0,0,0,0,2,4,0,0,2,10,0,0,0,7,0,0,4.0,21.0,0.0,0.0,0,2.0,0.0,335.0,0.0,5.0,0.0,619.0,0.0,7.0,2.0,1137.0,1.0,6.0,1.0,746.0,0.0,14.0,2.0,1.0,1137.0
2024-01-26,0,0,0,0,0,0,0,0,2,4,0,0,2,10,0,0,4.0,14.0,0.0,0.0,0,1.0,0.0,426.0,0.0,2.0,0.0,335.0,0.0,5.0,0.0,619.0,0.0,7.0,2.0,1137.0,1.0,8.0,0.0,0.0,619.0
2024-01-27,0,0,0,0,0,0,0,0,0,0,0,0,2,4,0,0,2.0,4.0,0.0,0.0,0,7.0,0.0,534.0,0.0,1.0,0.0,426.0,0.0,2.0,0.0,335.0,0.0,5.0,0.0,619.0,0.0,10.0,0.0,0.0,534.0
2024-01-28,1,0,0,0,0,0,0,0,0,0,0,0,0,0,0,0,0.0,0.0,0.0,0.0,0,4.0,0.0,1197.0,1.0,7.0,0.0,534.0,0.0,1.0,0.0,426.0,0.0,2.0,0.0,335.0,0.0,12.0,0.0,1.0,1197.0
2024-01-29,0,2,0,1,1,0,0,0,0,0,0,0,0,0,0,0,1.0,0.0,0.0,0.0,0,7.0,2.0,1888.0,1.0,4.0,0.0,1197.0,1.0,7.0,0.0,534.0,0.0,1.0,0.0,426.0,0.0,18.0,2.0,2.0,1888.0
2024-01-30,1,0,0,0,0,2,0,1,1,0,0,0,0,0,0,0,1.0,2.0,0.0,1.0,0,6.0,0.0,1306.0,1.0,7.0,2.0,1888.0,1.0,4.0,0.0,1197.0,1.0,7.0,0.0,534.0,0.0,17.0,2.0,3.0,1888.0
2024-01-31,0,0,0,0,1,0,0,0,0,2,0,1,1,0,0,0,2.0,2.0,0.0,1.0,0,6.0,0.0,905.0,0.0,6.0,0.0,1306.0,1.0,7.0,2.0,1888.0,1.0,4.0,0.0,1197.0,1.0,19.0,2.0,2.0,1888.0
2024-02-01,2,0,0,0,0,0,0,0,1,0,0,0,0,2,0,1,1.0,2.0,0.0,1.0,0,5.0,0.0,920.0,0.0,6.0,0.0,905.0,0.0,6.0,0.0,1306.0,1.0,7.0,2.0,1888.0,1.0,17.0,0.0,1.0,1306.0
2024-02-02,3,1,0,0,2,0,0,0,0,0,0,0,1,0,0,0,3.0,0.0,0.0,0.0,0,5.0,1.0,1815.0,1.0,5.0,0.0,920.0,0.0,6.0,0.0,905.0,0.0,6.0,0.0,1306.0,1.0,16.0,1.0,1.0,1815.0
2024-02-03,0,0,0,0,3,1,0,0,2,0,0,0,0,0,0,0,5.0,1.0,0.0,0.0,0,1.0,0.0,1316.0,1.0,5.0,1.0,1815.0,1.0,5.0,0.0,920.0,0.0,6.0,0.0,905.0,0.0,11.0,1.0,2.0,1815.0
2024-02-04,0,7,0,1,0,0,0,0,3,1,0,0,2,0,0,0,5.0,1.0,0.0,0.0,0,0.0,0.0,0.0,0.0,1.0,0.0,1316.0,1.0,5.0,1.0,1815.0,1.0,5.0,0.0,920.0,0.0,6.0,1.0,2.0,1815.0
2024-02-05,0,2,0,0,0,7,0,1,0,0,0,0,3,1,0,0,3.0,8.0,0.0,1.0,0,1.0,0.0,782.0,0.0,0.0,0.0,0.0,0.0,1.0,0.0,1316.0,1.0,5.0,1.0,1815.0,1.0,2.0,0.0,1.0,1316.0
2024-02-06,0,3,0,0,0,2,0,0,0,7,0,1,0,0,0,0,0.0,9.0,0.0,1.0,0,5.0,2.0,1479.0,1.0,1.0,0.0,782.0,0.0,0.0,0.0,0.0,0.0,1.0,0.0,1316.0,1.0,6.0,2.0,1.0,1479.0
2024-02-07,0,2,0,0,0,3,0,0,0,2,0,0,0,7,0,1,0.0,12.0,0.0,1.0,0,3.0,0.0,1188.0,1.0,5.0,2.0,1479.0,1.0,1.0,0.0,782.0,0.0,0.0,0.0,0.0,0.0,9.0,2.0,2.0,1479.0
2024-02-08,1,5,0,0,0,2,0,0,0,3,0,0,0,2,0,0,0.0,7.0,0.0,0.0,0,6.0,0.0,957.0,0.0,3.0,0.0,1188.0,1.0,5.0,2.0,1479.0,1.0,1.0,0.0,782.0,0.0,14.0,2.0,2.0,1479.0
2024-02-09,0,2,1,0,1,5,0,0,0,2,0,0,0,3,0,0,1.0,10.0,0.0,0.0,0,3.0,1.0,2534.0,1.0,6.0,0.0,957.0,0.0,3.0,0.0,1188.0,1.0,5.0,2.0,1479.0,1.0,12.0,1.0,2.0,2534.0
2024-02-10,0,3,0,0,0,2,1,0,1,5,0,0,0,2,0,0,1.0,9.0,1.0,0.0,0,5.0,0.0,1462.0,1.0,3.0,1.0,2534.0,1.0,6.0,0.0,957.0,0.0,3.0,0.0,1188.0,1.0,14.0,1.0,2.0,2534.0
2024-02-11,0,1,0,0,0,3,0,0,0,2,1,0,1,5,0,0,1.0,10.0,1.0,0.0,0,3.0,0.0,870.0,0.0,5.0,0.0,1462.0,1.0,3.0,1.0,2534.0,1.0,6.0,0.0,957.0,0.0,11.0,1.0,2.0,2534.0
2024-02-12,0,4,0,0,0,1,0,0,0,3,0,0,0,2,1,0,0.0,6.0,1.0,0.0,0,8.0,0.0,3529.0,2.0,3.0,0.0,870.0,0.0,5.0,0.0,1462.0,1.0,3.0,1.0,2534.0,1.0,16.0,0.0,3.0,3529.0
2024-02-13,1,0,0,0,0,4,0,0,0,1,0,0,0,3,0,0,0.0,8.0,0.0,0.0,0,1.0,0.0,791.0,0.0,8.0,0.0,3529.0,2.0,3.0,0.0,870.0,0.0,5.0,0.0,1462.0,1.0,12.0,0.0,2.0,3529.0
2024-02-14,0,2,0,0,1,0,0,0,0,4,0,0,0,1,0,0,1.0,5.0,0.0,0.0,0,4.0,0.0,2544.0,1.0,1.0,0.0,791.0,0.0,8.0,0.0,3529.0,2.0,3.0,0.0,870.0,0.0,13.0,0.0,3.0,3529.0
2024-02-15,0,1,0,0,0,2,0,0,1,0,0,0,0,4,0,0,1.0,6.0,0.0,0.0,0,5.0,0.0,1953.0,1.0,4.0,0.0,2544.0,1.0,1.0,0.0,791.0,0.0,8.0,0.0,3529.0,2.0,10.0,0.0,2.0,2544.0
2024-02-16,1,1,1,0,0,1,0,0,0,2,0,0,1,0,0,0,1.0,3.0,0.0,0.0,0,5.0,1.0,1613.0,1.0,5.0,0.0,1953.0,1.0,4.0,0.0,2544.0,1.0,1.0,0.0,791.0,0.0,14.0,1.0,3.0,2544.0
2024-02-17,0,0,0,0,1,1,1,0,0,1,0,0,0,2,0,0,1.0,4.0,1.0,0.0,0,1.0,0.0,1651.0,1.0,5.0,1.0,1613.0,1.0,5.0,0.0,1953.0,1.0,4.0,0.0,2544.0,1.0,11.0,1.0,3.0,1953.0
2024-02-18,0,0,0,0,0,0,0,0,1,1,1,0,0,1,0,0,1.0,2.0,1.0,0.0,0,3.0,0.0,1193.0,1.0,1.0,0.0,1651.0,1.0,5.0,1.0,1613.0,1.0,5.0,0.0,1953.0,1.0,9.0,1.0,3.0,1651.0
2024-02-19,1,0,0,0,0,0,0,0,0,0,0,0,1,1,1,0,1.0,1.0,1.0,0.0,0,4.0,0.0,761.0,0.0,3.0,0.0,1193.0,1.0,1.0,0.0,1651.0,1.0,5.0,1.0,1613.0,1.0,8.0,0.0,2.0,1651.0
2024-02-20,0,0,0,0,1,0,0,0,0,0,0,0,0,0,0,0,1.0,0.0,0.0,0.0,0,1.0,0.0,734.0,0.0,4.0,0.0,761.0,0.0,3.0,0.0,1193.0,1.0,1.0,0.0,1651.0,1.0,8.0,0.0,1.0,1193.0
2024-02-21,1,1,1,0,0,0,0,0,1,0,0,0,0,0,0,0,1.0,0.0,0.0,0.0,0,5.0,0.0,1116.0,1.0,1.0,0.0,734.0,0.0,4.0,0.0,761.0,0.0,3.0,0.0,1193.0,1.0,10.0,0.0,1.0,1116.0
2024-02-22,1,1,2,0,1,1,1,0,0,0,0,0,1,0,0,0,2.0,1.0,1.0,0.0,0,3.0,0.0,1151.0,1.0,5.0,0.0,1116.0,1.0,1.0,0.0,734.0,0.0,4.0,0.0,761.0,0.0,9.0,0.0,2.0,1151.0
2024-02-23,0,4,0,0,1,1,2,0,1,1,1,0,0,0,0,0,2.0,2.0,3.0,0.0,0,1.0,0.0,290.0,0.0,3.0,0.0,1151.0,1.0,5.0,0.0,1116.0,1.0,1.0,0.0,734.0,0.0,9.0,0.0,2.0,1151.0
2024-02-24,0,4,0,0,0,4,0,0,1,1,2,0,1,1,1,0,2.0,6.0,3.0,0.0,0,1.0,0.0,368.0,0.0,1.0,0.0,290.0,0.0,3.0,0.0,1151.0,1.0,5.0,0.0,1116.0,1.0,5.0,0.0,1.0,1151.0
2024-02-25,0,1,0,1,0,4,0,0,0,4,0,0,1,1,2,0,1.0,9.0,2.0,0.0,0,3.0,0.0,580.0,0.0,1.0,0.0,368.0,0.0,1.0,0.0,290.0,0.0,3.0,0.0,1151.0,1.0,5.0,0.0,0.0,580.0
2024-02-26,0,0,0,0,0,1,0,1,0,4,0,0,0,4,0,0,0.0,9.0,0.0,1.0,0,0.0,0.0,0.0,0.0,3.0,0.0,580.0,0.0,1.0,0.0,368.0,0.0,1.0,0.0,290.0,0.0,4.0,0.0,0.0,580.0
2024-02-27,0,0,0,0,0,0,0,0,0,1,0,1,0,4,0,0,0.0,5.0,0.0,1.0,0,3.0,1.0,430.0,0.0,0.0,0.0,0.0,0.0,3.0,0.0,580.0,0.0,1.0,0.0,368.0,0.0,6.0,1.0,0.0,580.0
2024-02-28,1,1,0,0,0,0,0,0,0,0,0,0,0,1,0,1,0.0,1.0,0.0,1.0,0,5.0,3.0,867.0,0.0,3.0,1.0,430.0,0.0,0.0,0.0,0.0,0.0,3.0,0.0,580.0,0.0,8.0,4.0,0.0,867.0
2024-02-29,0,0,0,0,1,1,0,0,0,0,0,0,0,0,0,0,1.0,1.0,0.0,0.0,1,1.0,0.0,322.0,0.0,5.0,3.0,867.0,0.0,3.0,1.0,430.0,0.0,0.0,0.0,0.0,0.0,9.0,4.0,0.0,867.0
2024-03-01,0,0,0,0,0,0,0,0,1,1,0,0,0,0,0,0,1.0,1.0,0.0,0.0,1,2.0,0.0,552.0,0.0,1.0,0.0,322.0,0.0,5.0,3.0,867.0,0.0,3.0,1.0,430.0,0.0,8.0,3.0,0.0,867.0
2024-03-02,0,0,0,0,0,0,0,0,0,0,0,0,1,1,0,0,1.0,1.0,0.0,0.0,1,0.0,0.0,0.0,0.0,2.0,0.0,552.0,0.0,1.0,0.0,322.0,0.0,5.0,3.0,867.0,0.0,3.0,0.0,0.0,552.0
2024-03-03,0,0,0,0,0,0,0,0,0,0,0,0,0,0,0,0,0.0,0.0,0.0,0.0,0,3.0,0.0,767.0,0.0,0.0,0.0,0.0,0.0,2.0,0.0,552.0,0.0,1.0,0.0,322.0,0.0,5.0,0.0,0.0,767.0
2024-03-04,0,0,0,0,0,0,0,0,0,0,0,0,0,0,0,0,0.0,0.0,0.0,0.0,0,7.0,0.0,478.0,0.0,3.0,0.0,767.0,0.0,0.0,0.0,0.0,0.0,2.0,0.0,552.0,0.0,10.0,0.0,0.0,767.0
2024-03-05,0,0,0,0,0,0,0,0,0,0,0,0,0,0,0,0,0.0,0.0,0.0,0.0,0,2.0,1.0,848.0,0.0,7.0,0.0,478.0,0.0,3.0,0.0,767.0,0.0,0.0,0.0,0.0,0.0,12.0,1.0,0.0,848.0
2024-03-06,0,0,0,0,0,0,0,0,0,0,0,0,0,0,0,0,0.0,0.0,0.0,0.0,0,5.0,0.0,428.0,0.0,2.0,1.0,848.0,0.0,7.0,0.0,478.0,0.0,3.0,0.0,767.0,0.0,14.0,1.0,0.0,848.0
2024-03-07,1,0,0,0,0,0,0,0,0,0,0,0,0,0,0,0,0.0,0.0,0.0,0.0,0,3.0,0.0,557.0,0.0,5.0,0.0,428.0,0.0,2.0,1.0,848.0,0.0,7.0,0.0,478.0,0.0,10.0,1.0,0.0,848.0
2024-03-08,0,1,0,1,1,0,0,0,0,0,0,0,0,0,0,0,1.0,0.0,0.0,0.0,0,4.0,0.0,687.0,0.0,3.0,0.0,557.0,0.0,5.0,0.0,428.0,0.0,2.0,1.0,848.0,0.0,12.0,0.0,0.0,687.0
2024-03-09,0,0,0,0,0,1,0,1,1,0,0,0,0,0,0,0,1.0,1.0,0.0,1.0,0,3.0,0.0,1277.0,1.0,4.0,0.0,687.0,0.0,3.0,0.0,557.0,0.0,5.0,0.0,428.0,0.0,10.0,0.0,1.0,1277.0
2024-03-10,0,1,0,0,0,0,0,0,0,1,0,1,1,0,0,0,1.0,1.0,0.0,1.0,0,7.0,2.0,1010.0,1.0,3.0,0.0,1277.0,1.0,4.0,0.0,687.0,0.0,3.0,0.0,557.0,0.0,14.0,2.0,2.0,1277.0
2024-03-11,0,0,0,0,0,1,0,0,0,0,0,0,0,1,0,1,0.0,2.0,0.0,1.0,0,2.0,0.0,640.0,0.0,7.0,2.0,1010.0,1.0,3.0,0.0,1277.0,1.0,4.0,0.0,687.0,0.0,12.0,2.0,2.0,1277.0
2024-03-12,1,0,0,0,0,0,0,0,0,1,0,0,0,0,0,0,0.0,1.0,0.0,0.0,0,3.0,0.0,661.0,0.0,2.0,0.0,640.0,0.0,7.0,2.0,1010.0,1.0,3.0,0.0,1277.0,1.0,12.0,2.0,1.0,1010.0
2024-03-13,0,0,0,0,1,0,0,0,0,0,0,0,0,1,0,0,1.0,1.0,0.0,0.0,0,1.0,0.0,667.0,0.0,3.0,0.0,661.0,0.0,2.0,0.0,640.0,0.0,7.0,2.0,1010.0,1.0,6.0,0.0,0.0,667.0
2024-03-14,0,1,0,0,0,0,0,0,1,0,0,0,0,0,0,0,1.0,0.0,0.0,0.0,0,3.0,1.0,848.0,0.0,1.0,0.0,667.0,0.0,3.0,0.0,661.0,0.0,2.0,0.0,640.0,0.0,7.0,1.0,0.0,848.0
2024-03-15,2,0,0,0,0,1,0,0,0,0,0,0,1,0,0,0,1.0,1.0,0.0,0.0,0,5.0,0.0,1208.0,2.0,3.0,1.0,848.0,0.0,1.0,0.0,667.0,0.0,3.0,0.0,661.0,0.0,9.0,1.0,2.0,1208.0
2024-03-16,0,2,0,0,2,0,0,0,0,1,0,0,0,0,0,0,2.0,1.0,0.0,0.0,0,1.0,0.0,295.0,0.0,5.0,0.0,1208.0,2.0,3.0,1.0,848.0,0.0,1.0,0.0,667.0,0.0,9.0,1.0,2.0,1208.0
2024-03-17,0,0,0,0,0,2,0,0,2,0,0,0,0,1,0,0,2.0,3.0,0.0,0.0,0,3.0,2.0,558.0,0.0,1.0,0.0,295.0,0.0,5.0,0.0,1208.0,2.0,3.0,1.0,848.0,0.0,9.0,2.0,2.0,1208.0
2024-03-18,0,3,0,0,0,0,0,0,0,2,0,0,2,0,0,0,2.0,2.0,0.0,0.0,0,2.0,0.0,406.0,0.0,3.0,2.0,558.0,0.0,1.0,0.0,295.0,0.0,5.0,0.0,1208.0,2.0,6.0,2.0,0.0,558.0
2024-03-19,0,2,0,0,0,3,0,0,0,0,0,0,0,2,0,0,0.0,5.0,0.0,0.0,0,1.0,0.0,445.0,0.0,2.0,0.0,406.0,0.0,3.0,2.0,558.0,0.0,1.0,0.0,295.0,0.0,6.0,2.0,0.0,558.0
2024-03-20,0,2,0,0,0,2,0,0,0,3,0,0,0,0,0,0,0.0,5.0,0.0,0.0,1,4.0,0.0,893.0,0.0,1.0,0.0,445.0,0.0,2.0,0.0,406.0,0.0,3.0,2.0,558.0,0.0,7.0,0.0,0.0,893.0
2024-03-21,0,0,0,0,0,2,0,0,0,2,0,0,0,3,0,0,0.0,7.0,0.0,0.0,1,2.0,1.0,777.0,0.0,4.0,0.0,893.0,0.0,1.0,0.0,445.0,0.0,2.0,0.0,406.0,0.0,7.0,1.0,0.0,893.0
2024-03-22,1,1,0,0,0,0,0,0,0,2,0,0,0,2,0,0,0.0,4.0,0.0,0.0,1,4.0,0.0,534.0,0.0,2.0,1.0,777.0,0.0,4.0,0.0,893.0,0.0,1.0,0.0,445.0,0.0,10.0,1.0,0.0,893.0
2024-03-23,0,13,1,1,1,1,0,0,0,0,0,0,0,2,0,0,1.0,3.0,0.0,0.0,1,4.0,0.0,1613.0,2.0,4.0,0.0,534.0,0.0,2.0,1.0,777.0,0.0,4.0,0.0,893.0,0.0,10.0,1.0,2.0,1613.0
2024-03-24,1,9,0,1,0,13,1,1,1,1,0,0,0,0,0,0,1.0,14.0,1.0,1.0,0,4.0,0.0,585.0,0.0,4.0,0.0,1613.0,2.0,4.0,0.0,534.0,0.0,2.0,1.0,777.0,0.0,12.0,0.0,2.0,1613.0
2024-03-25,1,1,0,0,1,9,0,1,0,13,1,1,1,1,0,0,2.0,23.0,1.0,2.0,0,1.0,1.0,475.0,0.0,4.0,0.0,585.0,0.0,4.0,0.0,1613.0,2.0,4.0,0.0,534.0,0.0,9.0,1.0,2.0,1613.0
2024-03-26,0,6,0,0,1,1,0,0,1,9,0,1,0,13,1,1,2.0,23.0,1.0,2.0,0,2.0,0.0,479.0,0.0,1.0,1.0,475.0,0.0,4.0,0.0,585.0,0.0,4.0,0.0,1613.0,2.0,7.0,1.0,0.0,585.0
2024-03-27,0,2,0,0,0,6,0,0,1,1,0,0,1,9,0,1,2.0,16.0,0.0,1.0,0,1.0,0.0,518.0,0.0,2.0,0.0,479.0,0.0,1.0,1.0,475.0,0.0,4.0,0.0,585.0,0.0,4.0,1.0,0.0,518.0
2024-03-28,0,4,1,0,0,2,0,0,0,6,0,0,1,1,0,0,1.0,9.0,0.0,0.0,0,1.0,0.0,408.0,0.0,1.0,0.0,518.0,0.0,2.0,0.0,479.0,0.0,1.0,1.0,475.0,0.0,4.0,0.0,0.0,518.0
2024-03-29,0,3,0,0,0,4,1,0,0,2,0,0,0,6,0,0,0.0,12.0,1.0,0.0,0,4.0,0.0,416.0,0.0,1.0,0.0,408.0,0.0,1.0,0.0,518.0,0.0,2.0,0.0,479.0,0.0,6.0,0.0,0.0,518.0
2024-03-30,0,2,0,1,0,3,0,0,0,4,1,0,0,2,0,0,0.0,9.0,1.0,0.0,0,4.0,0.0,640.0,0.0,4.0,0.0,416.0,0.0,1.0,0.0,408.0,0.0,1.0,0.0,518.0,0.0,9.0,0.0,0.0,640.0
2024-03-31,0,0,0,1,0,2,0,1,0,3,0,0,0,4,1,0,0.0,9.0,1.0,1.0,0,1.0,0.0,370.0,0.0,4.0,0.0,640.0,0.0,4.0,0.0,416.0,0.0,1.0,0.0,408.0,0.0,9.0,0.0,0.0,640.0
2024-04-01,0,1,0,0,0,0,0,1,0,2,0,1,0,3,0,0,0.0,5.0,0.0,2.0,0,5.0,0.0,660.0,0.0,1.0,0.0,370.0,0.0,4.0,0.0,640.0,0.0,4.0,0.0,416.0,0.0,10.0,0.0,0.0,660.0
2024-04-02,0,0,0,0,0,1,0,0,0,0,0,1,0,2,0,1,0.0,3.0,0.0,2.0,0,1.0,0.0,465.0,0.0,5.0,0.0,660.0,0.0,1.0,0.0,370.0,0.0,4.0,0.0,640.0,0.0,7.0,0.0,0.0,660.0
2024-04-03,0,0,0,0,0,0,0,0,0,1,0,0,0,0,0,1,0.0,1.0,0.0,1.0,0,5.0,0.0,621.0,0.0,1.0,0.0,465.0,0.0,5.0,0.0,660.0,0.0,1.0,0.0,370.0,0.0,11.0,0.0,0.0,660.0
2024-04-04,0,0,0,1,0,0,0,0,0,0,0,0,0,1,0,0,0.0,1.0,0.0,0.0,0,7.0,0.0,888.0,0.0,5.0,0.0,621.0,0.0,1.0,0.0,465.0,0.0,5.0,0.0,660.0,0.0,13.0,0.0,0.0,888.0
2024-04-05,0,0,0,0,0,0,0,1,0,0,0,0,0,0,0,0,0.0,0.0,0.0,1.0,0,4.0,0.0,1036.0,1.0,7.0,0.0,888.0,0.0,5.0,0.0,621.0,0.0,1.0,0.0,465.0,0.0,16.0,0.0,1.0,1036.0
2024-04-06,0,0,0,0,0,0,0,0,0,0,0,1,0,0,0,0,0.0,0.0,0.0,1.0,0,1.0,0.0,253.0,0.0,4.0,0.0,1036.0,1.0,7.0,0.0,888.0,0.0,5.0,0.0,621.0,0.0,12.0,0.0,1.0,1036.0
2024-04-07,0,0,0,0,0,0,0,0,0,0,0,0,0,0,0,1,0.0,0.0,0.0,1.0,0,2.0,0.0,456.0,0.0,1.0,0.0,253.0,0.0,4.0,0.0,1036.0,1.0,7.0,0.0,888.0,0.0,7.0,0.0,1.0,1036.0
2024-04-08,0,0,0,0,0,0,0,0,0,0,0,0,0,0,0,0,0.0,0.0,0.0,0.0,0,3.0,0.0,1021.0,1.0,2.0,0.0,456.0,0.0,1.0,0.0,253.0,0.0,4.0,0.0,1036.0,1.0,6.0,0.0,1.0,1021.0
2024-04-09,0,0,0,1,0,0,0,0,0,0,0,0,0,0,0,0,0.0,0.0,0.0,0.0,0,7.0,0.0,997.0,0.0,3.0,0.0,1021.0,1.0,2.0,0.0,456.0,0.0,1.0,0.0,253.0,0.0,12.0,0.0,1.0,1021.0
2024-04-10,0,0,0,0,0,0,0,1,0,0,0,0,0,0,0,0,0.0,0.0,0.0,1.0,0,5.0,0.0,1105.0,2.0,7.0,0.0,997.0,0.0,3.0,0.0,1021.0,1.0,2.0,0.0,456.0,0.0,15.0,0.0,3.0,1105.0
2024-04-11,0,1,0,0,0,0,0,0,0,0,0,1,0,0,0,0,0.0,0.0,0.0,1.0,0,8.0,1.0,1688.0,4.0,5.0,0.0,1105.0,2.0,7.0,0.0,997.0,0.0,3.0,0.0,1021.0,1.0,20.0,1.0,6.0,1688.0
2024-04-12,1,0,0,0,0,1,0,0,0,0,0,0,0,0,0,1,0.0,1.0,0.0,1.0,0,5.0,0.0,848.0,0.0,8.0,1.0,1688.0,4.0,5.0,0.0,1105.0,2.0,7.0,0.0,997.0,0.0,18.0,1.0,6.0,1688.0
2024-04-13,2,1,0,0,1,0,0,0,0,1,0,0,0,0,0,0,1.0,1.0,0.0,0.0,0,6.0,0.0,884.0,0.0,5.0,0.0,848.0,0.0,8.0,1.0,1688.0,4.0,5.0,0.0,1105.0,2.0,19.0,1.0,4.0,1688.0
2024-04-14,1,1,0,0,2,1,0,0,1,0,0,0,0,1,0,0,3.0,2.0,0.0,0.0,0,3.0,0.0,859.0,0.0,6.0,0.0,884.0,0.0,5.0,0.0,848.0,0.0,8.0,1.0,1688.0,4.0,14.0,0.0,0.0,884.0
2024-04-15,1,8,0,0,1,1,0,0,2,1,0,0,1,0,0,0,4.0,2.0,0.0,0.0,0,1.0,0.0,724.0,0.0,3.0,0.0,859.0,0.0,6.0,0.0,884.0,0.0,5.0,0.0,848.0,0.0,10.0,0.0,0.0,884.0
2024-04-16,0,1,0,0,1,8,0,0,1,1,0,0,2,1,0,0,4.0,10.0,0.0,0.0,1,5.0,0.0,867.0,0.0,1.0,0.0,724.0,0.0,3.0,0.0,859.0,0.0,6.0,0.0,884.0,0.0,9.0,0.0,0.0,867.0
2024-04-17,2,1,0,0,0,1,0,0,1,8,0,0,1,1,0,0,2.0,10.0,0.0,0.0,1,5.0,1.0,592.0,0.0,5.0,0.0,867.0,0.0,1.0,0.0,724.0,0.0,3.0,0.0,859.0,0.0,11.0,1.0,0.0,867.0
2024-04-18,0,3,0,0,2,1,0,0,0,1,0,0,1,8,0,0,3.0,10.0,0.0,0.0,1,5.0,2.0,438.0,0.0,5.0,1.0,592.0,0.0,5.0,0.0,867.0,0.0,1.0,0.0,724.0,0.0,15.0,3.0,0.0,867.0
2024-04-19,0,2,0,0,0,3,0,0,2,1,0,0,0,1,0,0,2.0,5.0,0.0,0.0,0,5.0,0.0,533.0,0.0,5.0,2.0,438.0,0.0,5.0,1.0,592.0,0.0,5.0,0.0,867.0,0.0,15.0,3.0,0.0,592.0
2024-04-20,1,0,0,0,0,2,0,0,0,3,0,0,2,1,0,0,2.0,6.0,0.0,0.0,0,4.0,0.0,836.0,0.0,5.0,0.0,533.0,0.0,5.0,2.0,438.0,0.0,5.0,1.0,592.0,0.0,14.0,2.0,0.0,836.0
2024-04-21,3,3,0,0,1,0,0,0,0,2,0,0,0,3,0,0,1.0,5.0,0.0,0.0,0,6.0,1.0,925.0,0.0,4.0,0.0,836.0,0.0,5.0,0.0,533.0,0.0,5.0,2.0,438.0,0.0,15.0,1.0,0.0,925.0
2024-04-22,2,8,0,0,3,3,0,0,1,0,0,0,0,2,0,0,4.0,5.0,0.0,0.0,0,7.0,0.0,885.0,0.0,6.0,1.0,925.0,0.0,4.0,0.0,836.0,0.0,5.0,0.0,533.0,0.0,17.0,1.0,0.0,925.0
2024-04-23,0,4,0,0,2,8,0,0,3,3,0,0,1,0,0,0,6.0,11.0,0.0,0.0,0,10.0,3.0,931.0,0.0,7.0,0.0,885.0,0.0,6.0,1.0,925.0,0.0,4.0,0.0,836.0,0.0,23.0,4.0,0.0,931.0
2024-04-24,1,6,0,0,0,4,0,0,2,8,0,0,3,3,0,0,5.0,15.0,0.0,0.0,0,6.0,1.0,801.0,0.0,10.0,3.0,931.0,0.0,7.0,0.0,885.0,0.0,6.0,1.0,925.0,0.0,23.0,4.0,0.0,931.0
2024-04-25,0,5,0,0,1,6,0,0,0,4,0,0,2,8,0,0,3.0,18.0,0.0,0.0,0,3.0,0.0,1098.0,1.0,6.0,1.0,801.0,0.0,10.0,3.0,931.0,0.0,7.0,0.0,885.0,0.0,19.0,4.0,1.0,1098.0
2024-04-26,0,0,0,0,0,5,0,0,1,6,0,0,0,4,0,0,1.0,15.0,0.0,0.0,0,4.0,0.0,583.0,0.0,3.0,0.0,1098.0,1.0,6.0,1.0,801.0,0.0,10.0,3.0,931.0,0.0,13.0,1.0,1.0,1098.0
2024-04-27,0,2,0,1,0,0,0,0,0,5,0,0,1,6,0,0,1.0,11.0,0.0,0.0,0,1.0,0.0,605.0,0.0,4.0,0.0,583.0,0.0,3.0,0.0,1098.0,1.0,6.0,1.0,801.0,0.0,8.0,0.0,1.0,1098.0
2024-04-28,0,0,0,0,0,2,0,1,0,0,0,0,0,5,0,0,0.0,7.0,0.0,1.0,0,2.0,0.0,738.0,0.0,1.0,0.0,605.0,0.0,4.0,0.0,583.0,0.0,3.0,0.0,1098.0,1.0,7.0,0.0,0.0,738.0
2024-04-29,0,2,0,0,0,0,0,0,0,2,0,1,0,0,0,0,0.0,2.0,0.0,1.0,1,4.0,0.0,341.0,0.0,2.0,0.0,738.0,0.0,1.0,0.0,605.0,0.0,4.0,0.0,583.0,0.0,7.0,0.0,0.0,738.0
2024-04-30,0,4,0,0,0,2,0,0,0,0,0,0,0,2,0,1,0.0,4.0,0.0,1.0,1,2.0,0.0,513.0,0.0,4.0,0.0,341.0,0.0,2.0,0.0,738.0,0.0,1.0,0.0,605.0,0.0,8.0,0.0,0.0,738.0
2024-05-01,1,3,0,0,0,4,0,0,0,2,0,0,0,0,0,0,0.0,6.0,0.0,0.0,1,6.0,1.0,861.0,0.0,2.0,0.0,513.0,0.0,4.0,0.0,341.0,0.0,2.0,0.0,738.0,0.0,12.0,1.0,0.0,861.0
2024-05-02,0,2,0,2,1,3,0,0,0,4,0,0,0,2,0,0,1.0,9.0,0.0,0.0,0,3.0,0.0,716.0,0.0,6.0,1.0,861.0,0.0,2.0,0.0,513.0,0.0,4.0,0.0,341.0,0.0,11.0,1.0,0.0,861.0
2024-05-03,0,5,1,0,0,2,0,2,1,3,0,0,0,4,0,0,1.0,9.0,0.0,2.0,0,4.0,4.0,972.0,0.0,3.0,0.0,716.0,0.0,6.0,1.0,861.0,0.0,2.0,0.0,513.0,0.0,13.0,5.0,0.0,972.0
2024-05-04,0,6,0,0,0,5,1,0,0,2,0,2,1,3,0,0,1.0,10.0,1.0,2.0,0,4.0,1.0,863.0,0.0,4.0,4.0,972.0,0.0,3.0,0.0,716.0,0.0,6.0,1.0,861.0,0.0,11.0,5.0,0.0,972.0
2024-05-05,1,9,2,0,0,6,0,0,0,5,1,0,0,2,0,2,0.0,13.0,1.0,2.0,0,8.0,4.0,820.0,0.0,4.0,1.0,863.0,0.0,4.0,4.0,972.0,0.0,3.0,0.0,716.0,0.0,16.0,9.0,0.0,972.0
2024-05-06,0,5,1,1,1,9,2,0,0,6,0,0,0,5,1,0,1.0,20.0,3.0,0.0,0,1.0,0.0,780.0,0.0,8.0,4.0,820.0,0.0,4.0,1.0,863.0,0.0,4.0,4.0,972.0,0.0,13.0,5.0,0.0,863.0
2024-05-07,0,14,0,0,0,5,1,1,1,9,2,0,0,6,0,0,1.0,20.0,3.0,1.0,1,6.0,2.0,628.0,0.0,1.0,0.0,780.0,0.0,8.0,4.0,820.0,0.0,4.0,1.0,863.0,0.0,15.0,6.0,0.0,820.0
2024-05-08,0,15,3,0,0,14,0,0,0,5,1,1,1,9,2,0,1.0,28.0,3.0,1.0,1,4.0,0.0,1257.0,2.0,6.0,2.0,628.0,0.0,1.0,0.0,780.0,0.0,8.0,4.0,820.0,0.0,11.0,2.0,2.0,1257.0
2024-05-09,0,18,2,0,0,15,3,0,0,14,0,0,0,5,1,1,0.0,34.0,4.0,1.0,1,2.0,0.0,1561.0,2.0,4.0,0.0,1257.0,2.0,6.0,2.0,628.0,0.0,1.0,0.0,780.0,0.0,12.0,2.0,4.0,1561.0
2024-05-10,0,14,1,0,0,18,2,0,0,15,3,0,0,14,0,0,0.0,47.0,5.0,0.0,1,6.0,0.0,1332.0,1.0,2.0,0.0,1561.0,2.0,4.0,0.0,1257.0,2.0,6.0,2.0,628.0,0.0,12.0,0.0,5.0,1561.0
2024-05-11,0,11,2,0,0,14,1,0,0,18,2,0,0,15,3,0,0.0,47.0,6.0,0.0,1,5.0,0.0,1820.0,3.0,6.0,0.0,1332.0,1.0,2.0,0.0,1561.0,2.0,4.0,0.0,1257.0,2.0,13.0,0.0,6.0,1820.0
2024-05-12,0,9,1,0,0,11,2,0,0,14,1,0,0,18,2,0,0.0,43.0,5.0,0.0,0,3.0,0.0,624.0,0.0,5.0,0.0,1820.0,3.0,6.0,0.0,1332.0,1.0,2.0,0.0,1561.0,2.0,14.0,0.0,4.0,1820.0
2024-05-13,0,11,0,0,0,9,1,0,0,11,2,0,0,14,1,0,0.0,34.0,4.0,0.0,1,1.0,0.0,1935.0,1.0,3.0,0.0,624.0,0.0,5.0,0.0,1820.0,3.0,6.0,0.0,1332.0,1.0,9.0,0.0,4.0,1935.0
2024-05-14,1,2,3,0,0,11,0,0,0,9,1,0,0,11,2,0,0.0,31.0,3.0,0.0,1,8.0,1.0,2225.0,3.0,1.0,0.0,1935.0,1.0,3.0,0.0,624.0,0.0,5.0,0.0,1820.0,3.0,12.0,1.0,4.0,2225.0
2024-05-15,0,3,2,0,1,2,3,0,0,11,0,0,0,9,1,0,1.0,22.0,4.0,0.0,1,8.0,1.0,1766.0,6.0,8.0,1.0,2225.0,3.0,1.0,0.0,1935.0,1.0,3.0,0.0,624.0,0.0,17.0,2.0,10.0,2225.0
2024-05-16,0,1,0,0,0,3,2,0,1,2,3,0,0,11,0,0,1.0,16.0,5.0,0.0,1,8.0,0.0,1452.0,4.0,8.0,1.0,1766.0,6.0,8.0,1.0,2225.0,3.0,1.0,0.0,1935.0,1.0,24.0,2.0,13.0,2225.0
2024-05-17,0,1,0,0,0,1,0,0,0,3,2,0,1,2,3,0,1.0,6.0,5.0,0.0,0,8.0,1.0,1625.0,2.0,8.0,0.0,1452.0,4.0,8.0,1.0,1766.0,6.0,8.0,1.0,2225.0,3.0,24.0,2.0,12.0,1766.0
2024-05-18,0,0,0,0,0,1,0,0,0,1,0,0,0,3,2,0,0.0,5.0,2.0,0.0,0,3.0,0.0,1585.0,1.0,8.0,1.0,1625.0,2.0,8.0,0.0,1452.0,4.0,8.0,1.0,1766.0,6.0,19.0,1.0,7.0,1625.0
2024-05-19,0,3,0,0,0,0,0,0,0,1,0,0,0,1,0,0,0.0,2.0,0.0,0.0,0,7.0,2.0,584.0,0.0,3.0,0.0,1585.0,1.0,8.0,1.0,1625.0,2.0,8.0,0.0,1452.0,4.0,18.0,3.0,3.0,1625.0
2024-05-20,0,0,0,0,0,3,0,0,0,0,0,0,0,1,0,0,0.0,4.0,0.0,0.0,0,3.0,2.0,2678.0,2.0,7.0,2.0,584.0,0.0,3.0,0.0,1585.0,1.0,8.0,1.0,1625.0,2.0,13.0,4.0,3.0,2678.0
2024-05-21,2,1,0,0,0,0,0,0,0,3,0,0,0,0,0,0,0.0,3.0,0.0,0.0,0,5.0,0.0,660.0,0.0,3.0,2.0,2678.0,2.0,7.0,2.0,584.0,0.0,3.0,0.0,1585.0,1.0,15.0,4.0,2.0,2678.0
2024-05-22,0,3,0,0,2,1,0,0,0,0,0,0,0,3,0,0,2.0,4.0,0.0,0.0,0,4.0,0.0,492.0,0.0,5.0,0.0,660.0,0.0,3.0,2.0,2678.0,2.0,7.0,2.0,584.0,0.0,12.0,2.0,2.0,2678.0
2024-05-23,0,5,0,0,0,3,0,0,2,1,0,0,0,0,0,0,2.0,4.0,0.0,0.0,0,9.0,3.0,943.0,0.0,4.0,0.0,492.0,0.0,5.0,0.0,660.0,0.0,3.0,2.0,2678.0,2.0,18.0,3.0,0.0,943.0
2024-05-24,0,4,0,0,0,5,0,0,0,3,0,0,2,1,0,0,2.0,9.0,0.0,0.0,0,8.0,0.0,854.0,0.0,9.0,3.0,943.0,0.0,4.0,0.0,492.0,0.0,5.0,0.0,660.0,0.0,21.0,3.0,0.0,943.0
2024-05-25,0,0,0,0,0,4,0,0,0,5,0,0,0,3,0,0,0.0,12.0,0.0,0.0,0,1.0,0.0,652.0,0.0,8.0,0.0,854.0,0.0,9.0,3.0,943.0,0.0,4.0,0.0,492.0,0.0,18.0,3.0,0.0,943.0
2024-05-26,0,0,0,0,0,0,0,0,0,4,0,0,0,5,0,0,0.0,9.0,0.0,0.0,0,1.0,0.0,435.0,0.0,1.0,0.0,652.0,0.0,8.0,0.0,854.0,0.0,9.0,3.0,943.0,0.0,10.0,0.0,0.0,854.0
2024-05-27,0,0,1,0,0,0,0,0,0,0,0,0,0,4,0,0,0.0,4.0,0.0,0.0,0,2.0,0.0,1254.0,1.0,1.0,0.0,435.0,0.0,1.0,0.0,652.0,0.0,8.0,0.0,854.0,0.0,4.0,0.0,1.0,1254.0
2024-05-28,0,0,0,0,0,0,1,0,0,0,0,0,0,0,0,0,0.0,0.0,1.0,0.0,0,3.0,0.0,976.0,0.0,2.0,0.0,1254.0,1.0,1.0,0.0,435.0,0.0,1.0,0.0,652.0,0.0,6.0,0.0,1.0,1254.0
2024-05-29,0,8,1,0,0,0,0,0,0,0,1,0,0,0,0,0,0.0,0.0,1.0,0.0,0,8.0,1.0,1033.0,1.0,3.0,0.0,976.0,0.0,2.0,0.0,1254.0,1.0,1.0,0.0,435.0,0.0,13.0,1.0,2.0,1254.0
2024-05-30,0,1,0,0,0,8,1,0,0,0,0,0,0,0,1,0,0.0,8.0,2.0,0.0,0,4.0,0.0,750.0,0.0,8.0,1.0,1033.0,1.0,3.0,0.0,976.0,0.0,2.0,0.0,1254.0,1.0,15.0,1.0,1.0,1033.0
2024-05-31,0,1,1,0,0,1,0,0,0,8,1,0,0,0,0,0,0.0,9.0,1.0,0.0,0,1.0,0.0,817.0,0.0,4.0,0.0,750.0,0.0,8.0,1.0,1033.0,1.0,3.0,0.0,976.0,0.0,13.0,1.0,1.0,1033.0
2024-06-01,0,1,2,0,0,1,1,0,0,1,0,0,0,8,1,0,0.0,10.0,2.0,0.0,0,2.0,1.0,1503.0,1.0,1.0,0.0,817.0,0.0,4.0,0.0,750.0,0.0,8.0,1.0,1033.0,1.0,7.0,1.0,1.0,1503.0
2024-06-02,0,2,0,0,0,1,2,0,0,1,1,0,0,1,0,0,0.0,3.0,3.0,0.0,0,3.0,0.0,485.0,0.0,2.0,1.0,1503.0,1.0,1.0,0.0,817.0,0.0,4.0,0.0,750.0,0.0,6.0,1.0,1.0,1503.0
2024-06-03,0,4,0,1,0,2,0,0,0,1,2,0,0,1,1,0,0.0,4.0,3.0,0.0,0,1.0,0.0,257.0,0.0,3.0,0.0,485.0,0.0,2.0,1.0,1503.0,1.0,1.0,0.0,817.0,0.0,6.0,1.0,1.0,1503.0
2024-06-04,0,2,0,0,0,4,0,1,0,2,0,0,0,1,2,0,0.0,7.0,2.0,1.0,1,2.0,0.0,443.0,0.0,1.0,0.0,257.0,0.0,3.0,0.0,485.0,0.0,2.0,1.0,1503.0,1.0,6.0,0.0,0.0,485.0
2024-06-05,0,2,0,0,0,2,0,0,0,4,0,1,0,2,0,0,0.0,8.0,0.0,1.0,1,7.0,1.0,1051.0,1.0,2.0,0.0,443.0,0.0,1.0,0.0,257.0,0.0,3.0,0.0,485.0,0.0,10.0,1.0,1.0,1051.0
2024-06-06,0,1,0,0,0,2,0,0,0,2,0,0,0,4,0,1,0.0,8.0,0.0,1.0,1,0.0,0.0,0.0,0.0,7.0,1.0,1051.0,1.0,2.0,0.0,443.0,0.0,1.0,0.0,257.0,0.0,9.0,1.0,1.0,1051.0
2024-06-07,0,2,0,0,0,1,0,0,0,2,0,0,0,2,0,0,0.0,5.0,0.0,0.0,0,1.0,0.0,248.0,0.0,0.0,0.0,0.0,0.0,7.0,1.0,1051.0,1.0,2.0,0.0,443.0,0.0,8.0,1.0,1.0,1051.0
2024-06-08,0,8,0,0,0,2,0,0,0,1,0,0,0,2,0,0,0.0,5.0,0.0,0.0,0,6.0,0.0,1528.0,1.0,1.0,0.0,248.0,0.0,0.0,0.0,0.0,0.0,7.0,1.0,1051.0,1.0,7.0,0.0,1.0,1528.0
2024-06-09,0,3,0,0,0,8,0,0,0,2,0,0,0,1,0,0,0.0,11.0,0.0,0.0,0,3.0,0.0,515.0,0.0,6.0,0.0,1528.0,1.0,1.0,0.0,248.0,0.0,0.0,0.0,0.0,0.0,10.0,0.0,1.0,1528.0
2024-06-10,0,5,1,0,0,3,0,0,0,8,0,0,0,2,0,0,0.0,13.0,0.0,0.0,0,6.0,0.0,1352.0,2.0,3.0,0.0,515.0,0.0,6.0,0.0,1528.0,1.0,1.0,0.0,248.0,0.0,15.0,0.0,3.0,1528.0
2024-06-11,0,0,0,0,0,5,1,0,0,3,0,0,0,8,0,0,0.0,16.0,1.0,0.0,0,5.0,0.0,1312.0,1.0,6.0,0.0,1352.0,2.0,3.0,0.0,515.0,0.0,6.0,0.0,1528.0,1.0,14.0,0.0,3.0,1352.0
2024-06-12,0,1,0,0,0,0,0,0,0,5,1,0,0,3,0,0,0.0,8.0,1.0,0.0,0,2.0,0.0,1357.0,1.0,5.0,0.0,1312.0,1.0,6.0,0.0,1352.0,2.0,3.0,0.0,515.0,0.0,13.0,0.0,4.0,1357.0
2024-06-13,0,1,0,0,0,1,0,0,0,0,0,0,0,5,1,0,0.0,6.0,1.0,0.0,0,8.0,0.0,1187.0,3.0,2.0,0.0,1357.0,1.0,5.0,0.0,1312.0,1.0,6.0,0.0,1352.0,2.0,15.0,0.0,5.0,1357.0
2024-06-14,0,1,0,0,0,1,0,0,0,1,0,0,0,0,0,0,0.0,2.0,0.0,0.0,0,1.0,0.0,716.0,0.0,8.0,0.0,1187.0,3.0,2.0,0.0,1357.0,1.0,5.0,0.0,1312.0,1.0,11.0,0.0,4.0,1357.0
2024-06-15,0,1,0,0,0,1,0,0,0,1,0,0,0,1,0,0,0.0,3.0,0.0,0.0,0,6.0,0.0,812.0,0.0,1.0,0.0,716.0,0.0,8.0,0.0,1187.0,3.0,2.0,0.0,1357.0,1.0,15.0,0.0,3.0,1187.0
2024-06-16,0,0,0,0,0,1,0,0,0,1,0,0,0,1,0,0,0.0,3.0,0.0,0.0,0,3.0,0.0,363.0,0.0,6.0,0.0,812.0,0.0,1.0,0.0,716.0,0.0,8.0,0.0,1187.0,3.0,10.0,0.0,0.0,812.0
2024-06-17,0,3,0,1,0,0,0,0,0,1,0,0,0,1,0,0,0.0,2.0,0.0,0.0,0,9.0,0.0,974.0,0.0,3.0,0.0,363.0,0.0,6.0,0.0,812.0,0.0,1.0,0.0,716.0,0.0,18.0,0.0,0.0,974.0
2024-06-18,0,2,0,0,0,3,0,1,0,0,0,0,0,1,0,0,0.0,4.0,0.0,1.0,0,6.0,0.0,729.0,0.0,9.0,0.0,974.0,0.0,3.0,0.0,363.0,0.0,6.0,0.0,812.0,0.0,18.0,0.0,0.0,974.0
2024-06-19,0,1,0,0,0,2,0,0,0,3,0,1,0,0,0,0,0.0,5.0,0.0,1.0,0,4.0,0.0,1111.0,1.0,6.0,0.0,729.0,0.0,9.0,0.0,974.0,0.0,3.0,0.0,363.0,0.0,19.0,0.0,1.0,1111.0
2024-06-20,0,2,0,0,0,1,0,0,0,2,0,0,0,3,0,1,0.0,6.0,0.0,1.0,0,6.0,0.0,567.0,0.0,4.0,0.0,1111.0,1.0,6.0,0.0,729.0,0.0,9.0,0.0,974.0,0.0,16.0,0.0,1.0,1111.0
2024-06-21,0,0,0,0,0,2,0,0,0,1,0,0,0,2,0,0,0.0,5.0,0.0,0.0,0,3.0,0.0,1208.0,1.0,6.0,0.0,567.0,0.0,4.0,0.0,1111.0,1.0,6.0,0.0,729.0,0.0,13.0,0.0,2.0,1208.0
2024-06-22,0,3,0,0,0,0,0,0,0,2,0,0,0,1,0,0,0.0,3.0,0.0,0.0,0,2.0,0.0,531.0,0.0,3.0,0.0,1208.0,1.0,6.0,0.0,567.0,0.0,4.0,0.0,1111.0,1.0,11.0,0.0,1.0,1208.0
2024-06-23,0,3,0,1,0,3,0,0,0,0,0,0,0,2,0,0,0.0,5.0,0.0,0.0,0,5.0,0.0,795.0,0.0,2.0,0.0,531.0,0.0,3.0,0.0,1208.0,1.0,6.0,0.0,567.0,0.0,10.0,0.0,1.0,1208.0
2024-06-24,0,7,0,0,0,3,0,1,0,3,0,0,0,0,0,0,0.0,6.0,0.0,1.0,0,4.0,0.0,640.0,0.0,5.0,0.0,795.0,0.0,2.0,0.0,531.0,0.0,3.0,0.0,1208.0,1.0,11.0,0.0,0.0,795.0
2024-06-25,0,1,0,0,0,7,0,0,0,3,0,1,0,3,0,0,0.0,13.0,0.0,1.0,1,3.0,2.0,556.0,0.0,4.0,0.0,640.0,0.0,5.0,0.0,795.0,0.0,2.0,0.0,531.0,0.0,12.0,2.0,0.0,795.0
2024-06-26,1,0,0,0,0,1,0,0,0,7,0,0,0,3,0,1,0.0,11.0,0.0,1.0,1,4.0,0.0,639.0,0.0,3.0,2.0,556.0,0.0,4.0,0.0,640.0,0.0,5.0,0.0,795.0,0.0,11.0,2.0,0.0,640.0
2024-06-27,1,0,0,0,1,0,0,0,0,1,0,0,0,7,0,0,1.0,8.0,0.0,0.0,1,2.0,0.0,541.0,0.0,4.0,0.0,639.0,0.0,3.0,2.0,556.0,0.0,4.0,0.0,640.0,0.0,9.0,2.0,0.0,639.0
2024-06-28,0,0,0,0,1,0,0,0,1,0,0,0,0,1,0,0,2.0,1.0,0.0,0.0,0,2.0,0.0,505.0,0.0,2.0,0.0,541.0,0.0,4.0,0.0,639.0,0.0,3.0,2.0,556.0,0.0,8.0,0.0,0.0,639.0
2024-06-29,1,0,0,0,0,0,0,0,1,0,0,0,1,0,0,0,2.0,0.0,0.0,0.0,0,5.0,2.0,885.0,0.0,2.0,0.0,505.0,0.0,2.0,0.0,541.0,0.0,4.0,0.0,639.0,0.0,9.0,2.0,0.0,885.0
2024-06-30,1,0,0,0,1,0,0,0,0,0,0,0,1,0,0,0,2.0,0.0,0.0,0.0,0,4.0,1.0,440.0,0.0,5.0,2.0,885.0,0.0,2.0,0.0,505.0,0.0,2.0,0.0,541.0,0.0,11.0,3.0,0.0,885.0
2024-07-01,0,1,0,0,1,0,0,0,1,0,0,0,0,0,0,0,2.0,0.0,0.0,0.0,0,2.0,0.0,463.0,0.0,4.0,1.0,440.0,0.0,5.0,2.0,885.0,0.0,2.0,0.0,505.0,0.0,11.0,3.0,0.0,885.0
2024-07-02,1,0,0,0,0,1,0,0,1,0,0,0,1,0,0,0,2.0,1.0,0.0,0.0,0,5.0,0.0,673.0,0.0,2.0,0.0,463.0,0.0,4.0,1.0,440.0,0.0,5.0,2.0,885.0,0.0,11.0,1.0,0.0,673.0
2024-07-03,0,1,0,0,1,0,0,0,0,1,0,0,1,0,0,0,2.0,1.0,0.0,0.0,0,2.0,0.0,689.0,0.0,5.0,0.0,673.0,0.0,2.0,0.0,463.0,0.0,4.0,1.0,440.0,0.0,9.0,0.0,0.0,689.0
2024-07-04,0,2,0,0,0,1,0,0,1,0,0,0,0,1,0,0,1.0,2.0,0.0,0.0,0,4.0,0.0,773.0,0.0,2.0,0.0,689.0,0.0,5.0,0.0,673.0,0.0,2.0,0.0,463.0,0.0,11.0,0.0,0.0,773.0
2024-07-05,0,0,0,0,0,2,0,0,0,1,0,0,1,0,0,0,1.0,3.0,0.0,0.0,0,3.0,0.0,633.0,0.0,4.0,0.0,773.0,0.0,2.0,0.0,689.0,0.0,5.0,0.0,673.0,0.0,9.0,0.0,0.0,773.0
2024-07-06,0,1,0,0,0,0,0,0,0,2,0,0,0,1,0,0,0.0,3.0,0.0,0.0,0,2.0,0.0,635.0,0.0,3.0,0.0,633.0,0.0,4.0,0.0,773.0,0.0,2.0,0.0,689.0,0.0,9.0,0.0,0.0,773.0
2024-07-07,0,6,0,0,0,1,0,0,0,0,0,0,0,2,0,0,0.0,3.0,0.0,0.0,0,1.0,0.0,543.0,0.0,2.0,0.0,635.0,0.0,3.0,0.0,633.0,0.0,4.0,0.0,773.0,0.0,6.0,0.0,0.0,635.0
2024-07-08,1,1,0,0,0,6,0,0,0,1,0,0,0,0,0,0,0.0,7.0,0.0,0.0,0,3.0,0.0,627.0,0.0,1.0,0.0,543.0,0.0,2.0,0.0,635.0,0.0,3.0,0.0,633.0,0.0,6.0,0.0,0.0,635.0
2024-07-09,1,0,0,0,1,1,0,0,0,6,0,0,0,1,0,0,1.0,8.0,0.0,0.0,0,1.0,1.0,291.0,0.0,3.0,0.0,627.0,0.0,1.0,0.0,543.0,0.0,2.0,0.0,635.0,0.0,5.0,1.0,0.0,627.0
2024-07-10,0,5,0,0,1,0,0,0,1,1,0,0,0,6,0,0,2.0,7.0,0.0,0.0,0,2.0,0.0,1807.0,1.0,1.0,1.0,291.0,0.0,3.0,0.0,627.0,0.0,1.0,0.0,543.0,0.0,6.0,1.0,1.0,1807.0
2024-07-11,0,4,0,0,0,5,0,0,1,0,0,0,1,1,0,0,2.0,6.0,0.0,0.0,0,2.0,0.0,642.0,0.0,2.0,0.0,1807.0,1.0,1.0,1.0,291.0,0.0,3.0,0.0,627.0,0.0,5.0,1.0,1.0,1807.0
2024-07-12,0,0,0,0,0,4,0,0,0,5,0,0,1,0,0,0,1.0,9.0,0.0,0.0,0,4.0,0.0,1218.0,1.0,2.0,0.0,642.0,0.0,2.0,0.0,1807.0,1.0,1.0,1.0,291.0,0.0,8.0,0.0,2.0,1807.0
2024-07-13,0,6,0,0,0,0,0,0,0,4,0,0,0,5,0,0,0.0,9.0,0.0,0.0,0,0.0,0.0,0.0,0.0,4.0,0.0,1218.0,1.0,2.0,0.0,642.0,0.0,2.0,0.0,1807.0,1.0,6.0,0.0,1.0,1218.0
2024-07-14,0,5,1,0,0,6,0,0,0,0,0,0,0,4,0,0,0.0,10.0,0.0,0.0,0,2.0,0.0,717.0,0.0,0.0,0.0,0.0,0.0,4.0,0.0,1218.0,1.0,2.0,0.0,642.0,0.0,6.0,0.0,1.0,1218.0
2024-07-15,0,4,0,0,0,5,1,0,0,6,0,0,0,0,0,0,0.0,11.0,1.0,0.0,0,2.0,0.0,1611.0,1.0,2.0,0.0,717.0,0.0,0.0,0.0,0.0,0.0,4.0,0.0,1218.0,1.0,4.0,0.0,1.0,1611.0
2024-07-16,0,4,1,0,0,4,0,0,0,5,1,0,0,6,0,0,0.0,15.0,1.0,0.0,0,8.0,1.0,1352.0,1.0,2.0,0.0,1611.0,1.0,2.0,0.0,717.0,0.0,0.0,0.0,0.0,0.0,12.0,1.0,2.0,1611.0
2024-07-17,0,5,0,0,0,4,1,0,0,4,0,0,0,5,1,0,0.0,13.0,2.0,0.0,0,2.0,1.0,842.0,0.0,8.0,1.0,1352.0,1.0,2.0,0.0,1611.0,1.0,2.0,0.0,717.0,0.0,12.0,2.0,2.0,1611.0
2024-07-18,0,2,0,0,0,5,0,0,0,4,1,0,0,4,0,0,0.0,13.0,1.0,0.0,0,5.0,0.0,522.0,0.0,2.0,1.0,842.0,0.0,8.0,1.0,1352.0,1.0,2.0,0.0,1611.0,1.0,15.0,2.0,1.0,1352.0
2024-07-19,0,3,0,0,0,2,0,0,0,5,0,0,0,4,1,0,0.0,11.0,1.0,0.0,0,4.0,2.0,793.0,0.0,5.0,0.0,522.0,0.0,2.0,1.0,842.0,0.0,8.0,1.0,1352.0,1.0,11.0,3.0,0.0,842.0
2024-07-20,0,2,0,0,0,3,0,0,0,2,0,0,0,5,0,0,0.0,10.0,0.0,0.0,0,1.0,0.0,621.0,0.0,4.0,2.0,793.0,0.0,5.0,0.0,522.0,0.0,2.0,1.0,842.0,0.0,10.0,2.0,0.0,793.0
2024-07-21,0,4,0,0,0,2,0,0,0,3,0,0,0,2,0,0,0.0,7.0,0.0,0.0,0,5.0,0.0,1224.0,1.0,1.0,0.0,621.0,0.0,4.0,2.0,793.0,0.0,5.0,0.0,522.0,0.0,10.0,2.0,1.0,1224.0
2024-07-22,0,5,0,0,0,4,0,0,0,2,0,0,0,3,0,0,0.0,9.0,0.0,0.0,0,2.0,0.0,442.0,0.0,5.0,0.0,1224.0,1.0,1.0,0.0,621.0,0.0,4.0,2.0,793.0,0.0,8.0,0.0,1.0,1224.0
2024-07-23,0,1,0,0,0,5,0,0,0,4,0,0,0,2,0,0,0.0,11.0,0.0,0.0,0,4.0,2.0,1544.0,1.0,2.0,0.0,442.0,0.0,5.0,0.0,1224.0,1.0,1.0,0.0,621.0,0.0,11.0,2.0,2.0,1544.0
2024-07-24,0,2,0,0,0,1,0,0,0,5,0,0,0,4,0,0,0.0,10.0,0.0,0.0,0,7.0,0.0,701.0,0.0,4.0,2.0,1544.0,1.0,2.0,0.0,442.0,0.0,5.0,0.0,1224.0,1.0,13.0,2.0,1.0,1544.0
2024-07-25,1,1,0,1,0,2,0,0,0,1,0,0,0,5,0,0,0.0,8.0,0.0,0.0,0,6.0,0.0,933.0,0.0,7.0,0.0,701.0,0.0,4.0,2.0,1544.0,1.0,2.0,0.0,442.0,0.0,17.0,2.0,1.0,1544.0
2024-07-26,1,1,0,0,1,1,0,1,0,2,0,0,0,1,0,0,1.0,4.0,0.0,1.0,0,6.0,1.0,676.0,0.0,6.0,0.0,933.0,0.0,7.0,0.0,701.0,0.0,4.0,2.0,1544.0,1.0,19.0,1.0,0.0,933.0
2024-07-27,0,7,0,0,1,1,0,0,1,1,0,1,0,2,0,0,2.0,4.0,0.0,1.0,0,5.0,2.0,1141.0,1.0,6.0,1.0,676.0,0.0,6.0,0.0,933.0,0.0,7.0,0.0,701.0,0.0,17.0,3.0,1.0,1141.0
2024-07-28,0,8,0,0,0,7,0,0,1,1,0,0,1,1,0,1,2.0,9.0,0.0,1.0,0,6.0,0.0,920.0,0.0,5.0,2.0,1141.0,1.0,6.0,1.0,676.0,0.0,6.0,0.0,933.0,0.0,17.0,3.0,1.0,1141.0
2024-07-29,1,6,1,0,0,8,0,0,0,7,0,0,1,1,0,0,1.0,16.0,0.0,0.0,0,9.0,3.0,1287.0,2.0,6.0,0.0,920.0,0.0,5.0,2.0,1141.0,1.0,6.0,1.0,676.0,0.0,20.0,5.0,3.0,1287.0
2024-07-30,0,8,0,0,1,6,1,0,0,8,0,0,0,7,0,0,1.0,21.0,1.0,0.0,0,6.0,0.0,1421.0,1.0,9.0,3.0,1287.0,2.0,6.0,0.0,920.0,0.0,5.0,2.0,1141.0,1.0,21.0,3.0,3.0,1421.0
2024-07-31,0,10,0,0,0,8,0,0,1,6,1,0,0,8,0,0,1.0,22.0,1.0,0.0,0,5.0,0.0,1310.0,3.0,6.0,0.0,1421.0,1.0,9.0,3.0,1287.0,2.0,6.0,0.0,920.0,0.0,20.0,3.0,6.0,1421.0
2024-08-01,0,21,0,0,0,10,0,0,0,8,0,0,1,6,1,0,1.0,24.0,1.0,0.0,1,6.0,0.0,1425.0,2.0,5.0,0.0,1310.0,3.0,6.0,0.0,1421.0,1.0,9.0,3.0,1287.0,2.0,17.0,0.0,6.0,1425.0
2024-08-02,0,12,0,0,0,21,0,0,0,10,0,0,0,8,0,0,0.0,39.0,0.0,0.0,1,3.0,0.0,1164.0,1.0,6.0,0.0,1425.0,2.0,5.0,0.0,1310.0,3.0,6.0,0.0,1421.0,1.0,14.0,0.0,6.0,1425.0
2024-08-03,0,9,0,0,0,12,0,0,0,21,0,0,0,10,0,0,0.0,43.0,0.0,0.0,1,1.0,0.0,381.0,0.0,3.0,0.0,1164.0,1.0,6.0,0.0,1425.0,2.0,5.0,0.0,1310.0,3.0,10.0,0.0,3.0,1425.0
2024-08-04,0,7,0,0,0,9,0,0,0,12,0,0,0,21,0,0,0.0,42.0,0.0,0.0,0,6.0,1.0,735.0,0.0,1.0,0.0,381.0,0.0,3.0,0.0,1164.0,1.0,6.0,0.0,1425.0,2.0,10.0,1.0,1.0,1164.0
2024-08-05,0,5,2,0,0,7,0,0,0,9,0,0,0,12,0,0,0.0,28.0,0.0,0.0,0,6.0,4.0,1206.0,2.0,6.0,1.0,735.0,0.0,1.0,0.0,381.0,0.0,3.0,0.0,1164.0,1.0,13.0,5.0,2.0,1206.0
2024-08-06,0,1,0,0,0,5,2,0,0,7,0,0,0,9,0,0,0.0,21.0,2.0,0.0,0,0.0,0.0,0.0,0.0,6.0,4.0,1206.0,2.0,6.0,1.0,735.0,0.0,1.0,0.0,381.0,0.0,12.0,5.0,2.0,1206.0
2024-08-07,1,4,0,0,0,1,0,0,0,5,2,0,0,7,0,0,0.0,13.0,2.0,0.0,0,7.0,1.0,925.0,0.0,0.0,0.0,0.0,0.0,6.0,4.0,1206.0,2.0,6.0,1.0,735.0,0.0,13.0,5.0,2.0,1206.0
2024-08-08,0,7,1,0,1,4,0,0,0,1,0,0,0,5,2,0,1.0,10.0,2.0,0.0,0,4.0,0.0,699.0,0.0,7.0,1.0,925.0,0.0,0.0,0.0,0.0,0.0,6.0,4.0,1206.0,2.0,11.0,1.0,0.0,925.0
2024-08-09,0,8,0,0,0,7,1,0,1,4,0,0,0,1,0,0,1.0,12.0,1.0,0.0,1,5.0,3.0,887.0,0.0,4.0,0.0,699.0,0.0,7.0,1.0,925.0,0.0,0.0,0.0,0.0,0.0,16.0,4.0,0.0,925.0
2024-08-10,0,5,0,0,0,8,0,0,0,7,1,0,1,4,0,0,1.0,19.0,1.0,0.0,1,5.0,1.0,787.0,0.0,5.0,3.0,887.0,0.0,4.0,0.0,699.0,0.0,7.0,1.0,925.0,0.0,14.0,4.0,0.0,887.0
2024-08-11,0,5,0,0,0,5,0,0,0,8,0,0,0,7,1,0,0.0,20.0,1.0,0.0,1,6.0,0.0,618.0,0.0,5.0,1.0,787.0,0.0,5.0,3.0,887.0,0.0,4.0,0.0,699.0,0.0,16.0,4.0,0.0,887.0
2024-08-12,0,1,0,0,0,5,0,0,0,5,0,0,0,8,0,0,0.0,18.0,0.0,0.0,0,7.0,0.0,753.0,0.0,6.0,0.0,618.0,0.0,5.0,1.0,787.0,0.0,5.0,3.0,887.0,0.0,18.0,1.0,0.0,787.0
2024-08-13,1,3,0,0,0,1,0,0,0,5,0,0,0,5,0,0,0.0,11.0,0.0,0.0,0,9.0,0.0,611.0,0.0,7.0,0.0,753.0,0.0,6.0,0.0,618.0,0.0,5.0,1.0,787.0,0.0,22.0,0.0,0.0,753.0
2024-08-14,0,3,1,0,1,3,0,0,0,1,0,0,0,5,0,0,1.0,9.0,0.0,0.0,1,9.0,0.0,823.0,0.0,9.0,0.0,611.0,0.0,7.0,0.0,753.0,0.0,6.0,0.0,618.0,0.0,25.0,0.0,0.0,823.0
2024-08-15,0,1,0,0,0,3,1,0,1,3,0,0,0,1,0,0,1.0,7.0,1.0,0.0,1,4.0,0.0,1382.0,1.0,9.0,0.0,823.0,0.0,9.0,0.0,611.0,0.0,7.0,0.0,753.0,0.0,22.0,0.0,1.0,1382.0
2024-08-16,1,1,0,0,0,1,0,0,0,3,1,0,1,3,0,0,1.0,7.0,1.0,0.0,1,5.0,0.0,545.0,0.0,4.0,0.0,1382.0,1.0,9.0,0.0,823.0,0.0,9.0,0.0,611.0,0.0,18.0,0.0,1.0,1382.0
2024-08-17,0,4,0,0,1,1,0,0,0,1,0,0,0,3,1,0,1.0,5.0,1.0,0.0,0,6.0,0.0,1013.0,1.0,5.0,0.0,545.0,0.0,4.0,0.0,1382.0,1.0,9.0,0.0,823.0,0.0,15.0,0.0,2.0,1382.0
2024-08-18,0,5,0,0,0,4,0,0,1,1,0,0,0,1,0,0,1.0,6.0,0.0,0.0,0,1.0,0.0,266.0,0.0,6.0,0.0,1013.0,1.0,5.0,0.0,545.0,0.0,4.0,0.0,1382.0,1.0,12.0,0.0,1.0,1013.0
2024-08-19,0,3,0,0,0,5,0,0,0,4,0,0,1,1,0,0,1.0,10.0,0.0,0.0,0,8.0,0.0,1343.0,1.0,1.0,0.0,266.0,0.0,6.0,0.0,1013.0,1.0,5.0,0.0,545.0,0.0,15.0,0.0,2.0,1343.0
2024-08-20,0,2,0,0,0,3,0,0,0,5,0,0,0,4,0,0,0.0,12.0,0.0,0.0,0,9.0,0.0,858.0,0.0,8.0,0.0,1343.0,1.0,1.0,0.0,266.0,0.0,6.0,0.0,1013.0,1.0,18.0,0.0,1.0,1343.0
2024-08-21,0,2,0,0,0,2,0,0,0,3,0,0,0,5,0,0,0.0,10.0,0.0,0.0,0,4.0,0.0,400.0,0.0,9.0,0.0,858.0,0.0,8.0,0.0,1343.0,1.0,1.0,0.0,266.0,0.0,21.0,0.0,1.0,1343.0
2024-08-22,1,1,0,1,0,2,0,0,0,2,0,0,0,3,0,0,0.0,7.0,0.0,0.0,0,3.0,0.0,917.0,0.0,4.0,0.0,400.0,0.0,9.0,0.0,858.0,0.0,8.0,0.0,1343.0,1.0,16.0,0.0,0.0,917.0
2024-08-23,1,8,0,0,1,1,0,1,0,2,0,0,0,2,0,0,1.0,5.0,0.0,1.0,0,7.0,0.0,868.0,0.0,3.0,0.0,917.0,0.0,4.0,0.0,400.0,0.0,9.0,0.0,858.0,0.0,14.0,0.0,0.0,917.0
2024-08-24,0,5,0,0,1,8,0,0,1,1,0,1,0,2,0,0,2.0,11.0,0.0,1.0,0,1.0,0.0,447.0,0.0,7.0,0.0,868.0,0.0,3.0,0.0,917.0,0.0,4.0,0.0,400.0,0.0,11.0,0.0,0.0,917.0
2024-08-25,0,0,0,0,0,5,0,0,1,8,0,0,1,1,0,1,2.0,14.0,0.0,1.0,1,1.0,0.0,340.0,0.0,1.0,0.0,447.0,0.0,7.0,0.0,868.0,0.0,3.0,0.0,917.0,0.0,9.0,0.0,0.0,868.0
2024-08-26,0,1,0,0,0,0,0,0,0,5,0,0,1,8,0,0,1.0,13.0,0.0,0.0,1,1.0,0.0,571.0,0.0,1.0,0.0,340.0,0.0,1.0,0.0,447.0,0.0,7.0,0.0,868.0,0.0,3.0,0.0,0.0,571.0
2024-08-27,0,1,0,0,0,1,0,0,0,0,0,0,0,5,0,0,0.0,6.0,0.0,0.0,1,0.0,0.0,0.0,0.0,1.0,0.0,571.0,0.0,1.0,0.0,340.0,0.0,1.0,0.0,447.0,0.0,2.0,0.0,0.0,571.0
2024-08-28,0,0,0,0,0,1,0,0,0,1,0,0,0,0,0,0,0.0,2.0,0.0,0.0,0,4.0,0.0,758.0,0.0,0.0,0.0,0.0,0.0,1.0,0.0,571.0,0.0,1.0,0.0,340.0,0.0,5.0,0.0,0.0,758.0
2024-08-29,0,0,0,1,0,0,0,0,0,1,0,0,0,1,0,0,0.0,2.0,0.0,0.0,0,2.0,0.0,461.0,0.0,4.0,0.0,758.0,0.0,0.0,0.0,0.0,0.0,1.0,0.0,571.0,0.0,6.0,0.0,0.0,758.0
2024-08-30,0,2,0,0,0,0,0,1,0,0,0,0,0,1,0,0,0.0,1.0,0.0,1.0,0,3.0,0.0,573.0,0.0,2.0,0.0,461.0,0.0,4.0,0.0,758.0,0.0,0.0,0.0,0.0,0.0,9.0,0.0,0.0,758.0
2024-08-31,0,4,0,0,0,2,0,0,0,0,0,1,0,0,0,0,0.0,2.0,0.0,1.0,0,5.0,0.0,999.0,0.0,3.0,0.0,573.0,0.0,2.0,0.0,461.0,0.0,4.0,0.0,758.0,0.0,10.0,0.0,0.0,999.0
2024-09-01,0,7,0,0,0,4,0,0,0,2,0,0,0,0,0,1,0.0,6.0,0.0,1.0,0,3.0,1.0,1316.0,2.0,5.0,0.0,999.0,0.0,3.0,0.0,573.0,0.0,2.0,0.0,461.0,0.0,11.0,1.0,2.0,1316.0
2024-09-02,0,6,0,0,0,7,0,0,0,4,0,0,0,2,0,0,0.0,13.0,0.0,0.0,0,4.0,0.0,669.0,0.0,3.0,1.0,1316.0,2.0,5.0,0.0,999.0,0.0,3.0,0.0,573.0,0.0,12.0,1.0,2.0,1316.0
2024-09-03,0,3,0,0,0,6,0,0,0,7,0,0,0,4,0,0,0.0,17.0,0.0,0.0,0,6.0,1.0,1515.0,1.0,4.0,0.0,669.0,0.0,3.0,1.0,1316.0,2.0,5.0,0.0,999.0,0.0,13.0,2.0,3.0,1515.0
2024-09-04,0,6,0,0,0,3,0,0,0,6,0,0,0,7,0,0,0.0,16.0,0.0,0.0,0,1.0,0.0,356.0,0.0,6.0,1.0,1515.0,1.0,4.0,0.0,669.0,0.0,3.0,1.0,1316.0,2.0,11.0,1.0,1.0,1515.0
2024-09-05,0,7,0,0,0,6,0,0,0,3,0,0,0,6,0,0,0.0,15.0,0.0,0.0,0,3.0,0.0,1577.0,1.0,1.0,0.0,356.0,0.0,6.0,1.0,1515.0,1.0,4.0,0.0,669.0,0.0,10.0,1.0,2.0,1577.0
2024-09-06,0,0,0,0,0,7,0,0,0,6,0,0,0,3,0,0,0.0,16.0,0.0,0.0,0,3.0,0.0,634.0,0.0,3.0,0.0,1577.0,1.0,1.0,0.0,356.0,0.0,6.0,1.0,1515.0,1.0,7.0,0.0,1.0,1577.0
2024-09-07,0,1,0,0,0,0,0,0,0,7,0,0,0,6,0,0,0.0,13.0,0.0,0.0,0,6.0,2.0,500.0,0.0,3.0,0.0,634.0,0.0,3.0,0.0,1577.0,1.0,1.0,0.0,356.0,0.0,12.0,2.0,1.0,1577.0
2024-09-08,0,1,0,0,0,1,0,0,0,0,0,0,0,7,0,0,0.0,8.0,0.0,0.0,0,3.0,0.0,842.0,0.0,6.0,2.0,500.0,0.0,3.0,0.0,634.0,0.0,3.0,0.0,1577.0,1.0,12.0,2.0,0.0,842.0
2024-09-09,0,9,0,1,0,1,0,0,0,1,0,0,0,0,0,0,0.0,2.0,0.0,0.0,1,4.0,0.0,1688.0,1.0,3.0,0.0,842.0,0.0,6.0,2.0,500.0,0.0,3.0,0.0,634.0,0.0,13.0,2.0,1.0,1688.0
2024-09-10,0,2,0,0,0,9,0,1,0,1,0,0,0,1,0,0,0.0,11.0,0.0,1.0,1,5.0,0.0,955.0,0.0,4.0,0.0,1688.0,1.0,3.0,0.0,842.0,0.0,6.0,2.0,500.0,0.0,12.0,0.0,1.0,1688.0
2024-09-11,0,6,0,0,0,2,0,0,0,9,0,1,0,1,0,0,0.0,12.0,0.0,1.0,1,4.0,0.0,1088.0,1.0,5.0,0.0,955.0,0.0,4.0,0.0,1688.0,1.0,3.0,0.0,842.0,0.0,13.0,0.0,2.0,1688.0
2024-09-12,1,8,1,0,0,6,0,0,0,2,0,0,0,9,0,1,0.0,17.0,0.0,1.0,1,3.0,0.0,569.0,0.0,4.0,0.0,1088.0,1.0,5.0,0.0,955.0,0.0,4.0,0.0,1688.0,1.0,12.0,0.0,1.0,1088.0
2024-09-13,0,11,0,0,1,8,1,0,0,6,0,0,0,2,0,0,1.0,16.0,1.0,0.0,0,8.0,0.0,768.0,0.0,3.0,0.0,569.0,0.0,4.0,0.0,1088.0,1.0,5.0,0.0,955.0,0.0,15.0,0.0,1.0,1088.0
2024-09-14,0,2,1,1,0,11,0,0,1,8,1,0,0,6,0,0,1.0,25.0,1.0,0.0,1,6.0,0.0,2202.0,1.0,8.0,0.0,768.0,0.0,3.0,0.0,569.0,0.0,4.0,0.0,1088.0,1.0,17.0,0.0,1.0,2202.0
2024-09-15,0,0,0,0,0,2,1,1,0,11,0,0,1,8,1,0,1.0,21.0,2.0,1.0,1,0.0,0.0,0.0,0.0,6.0,0.0,2202.0,1.0,8.0,0.0,768.0,0.0,3.0,0.0,569.0,0.0,14.0,0.0,1.0,2202.0
2024-09-16,1,0,0,0,0,0,0,0,0,2,1,1,0,11,0,0,0.0,13.0,1.0,1.0,1,2.0,0.0,833.0,0.0,0.0,0.0,0.0,0.0,6.0,0.0,2202.0,1.0,8.0,0.0,768.0,0.0,8.0,0.0,1.0,2202.0
2024-09-17,0,0,0,0,1,0,0,0,0,0,0,0,0,2,1,1,1.0,2.0,1.0,1.0,0,4.0,0.0,550.0,0.0,2.0,0.0,833.0,0.0,0.0,0.0,0.0,0.0,6.0,0.0,2202.0,1.0,6.0,0.0,0.0,833.0
2024-09-18,0,0,0,0,0,0,0,0,1,0,0,0,0,0,0,0,1.0,0.0,0.0,0.0,0,5.0,0.0,851.0,0.0,4.0,0.0,550.0,0.0,2.0,0.0,833.0,0.0,0.0,0.0,0.0,0.0,11.0,0.0,0.0,851.0
2024-09-19,0,0,0,0,0,0,0,0,0,0,0,0,1,0,0,0,1.0,0.0,0.0,0.0,0,2.0,0.0,531.0,0.0,5.0,0.0,851.0,0.0,4.0,0.0,550.0,0.0,2.0,0.0,833.0,0.0,11.0,0.0,0.0,851.0
2024-09-20,0,0,0,0,0,0,0,0,0,0,0,0,0,0,0,0,0.0,0.0,0.0,0.0,0,0.0,0.0,0.0,0.0,2.0,0.0,531.0,0.0,5.0,0.0,851.0,0.0,4.0,0.0,550.0,0.0,7.0,0.0,0.0,851.0
2024-09-21,0,0,0,0,0,0,0,0,0,0,0,0,0,0,0,0,0.0,0.0,0.0,0.0,0,3.0,0.0,651.0,0.0,0.0,0.0,0.0,0.0,2.0,0.0,531.0,0.0,5.0,0.0,851.0,0.0,5.0,0.0,0.0,651.0
2024-09-22,0,1,0,0,0,0,0,0,0,0,0,0,0,0,0,0,0.0,0.0,0.0,0.0,0,4.0,1.0,1381.0,1.0,3.0,0.0,651.0,0.0,0.0,0.0,0.0,0.0,2.0,0.0,531.0,0.0,7.0,1.0,1.0,1381.0
2024-09-23,0,1,0,0,0,1,0,0,0,0,0,0,0,0,0,0,0.0,1.0,0.0,0.0,0,3.0,1.0,512.0,0.0,4.0,1.0,1381.0,1.0,3.0,0.0,651.0,0.0,0.0,0.0,0.0,0.0,10.0,2.0,1.0,1381.0
2024-09-24,0,0,0,1,0,1,0,0,0,1,0,0,0,0,0,0,0.0,2.0,0.0,0.0,0,1.0,0.0,577.0,0.0,3.0,1.0,512.0,0.0,4.0,1.0,1381.0,1.0,3.0,0.0,651.0,0.0,8.0,2.0,1.0,1381.0
2024-09-25,0,1,0,0,0,0,0,1,0,1,0,0,0,1,0,0,0.0,2.0,0.0,1.0,0,1.0,0.0,393.0,0.0,1.0,0.0,577.0,0.0,3.0,1.0,512.0,0.0,4.0,1.0,1381.0,1.0,5.0,1.0,0.0,577.0
2024-09-26,1,1,0,0,0,1,0,0,0,0,0,1,0,1,0,0,0.0,2.0,0.0,1.0,0,4.0,0.0,415.0,0.0,1.0,0.0,393.0,0.0,1.0,0.0,577.0,0.0,3.0,1.0,512.0,0.0,6.0,0.0,0.0,577.0
2024-09-27,0,0,0,0,1,1,0,0,0,1,0,0,0,0,0,1,1.0,2.0,0.0,1.0,0,1.0,0.0,515.0,0.0,4.0,0.0,415.0,0.0,1.0,0.0,393.0,0.0,1.0,0.0,577.0,0.0,6.0,0.0,0.0,515.0
2024-09-28,0,0,0,0,0,0,0,0,1,1,0,0,0,1,0,0,1.0,2.0,0.0,0.0,0,3.0,0.0,481.0,0.0,1.0,0.0,515.0,0.0,4.0,0.0,415.0,0.0,1.0,0.0,393.0,0.0,8.0,0.0,0.0,515.0
2024-09-29,1,3,0,1,0,0,0,0,0,0,0,0,1,1,0,0,1.0,1.0,0.0,0.0,0,3.0,0.0,1148.0,1.0,3.0,0.0,481.0,0.0,1.0,0.0,515.0,0.0,4.0,0.0,415.0,0.0,7.0,0.0,1.0,1148.0
2024-09-30,0,1,0,0,1,3,0,1,0,0,0,0,0,0,0,0,1.0,3.0,0.0,1.0,0,7.0,0.0,1535.0,1.0,3.0,0.0,1148.0,1.0,3.0,0.0,481.0,0.0,1.0,0.0,515.0,0.0,13.0,0.0,2.0,1535.0
2024-10-01,0,2,1,1,0,1,0,0,1,3,0,1,0,0,0,0,1.0,4.0,0.0,1.0,0,5.0,1.0,963.0,0.0,7.0,0.0,1535.0,1.0,3.0,0.0,1148.0,1.0,3.0,0.0,481.0,0.0,15.0,1.0,2.0,1535.0
2024-10-02,0,7,0,0,0,2,1,1,0,1,0,0,1,3,0,1,1.0,6.0,1.0,2.0,0,3.0,1.0,437.0,0.0,5.0,1.0,963.0,0.0,7.0,0.0,1535.0,1.0,3.0,0.0,1148.0,1.0,15.0,2.0,1.0,1535.0
2024-10-03,0,11,1,0,0,7,0,0,0,2,1,1,0,1,0,0,0.0,10.0,1.0,1.0,0,8.0,1.0,1077.0,1.0,3.0,1.0,437.0,0.0,5.0,1.0,963.0,0.0,7.0,0.0,1535.0,1.0,16.0,3.0,1.0,1077.0
2024-10-04,0,6,0,0,0,11,1,0,0,7,0,0,0,2,1,1,0.0,20.0,2.0,1.0,1,6.0,0.0,921.0,0.0,8.0,1.0,1077.0,1.0,3.0,1.0,437.0,0.0,5.0,1.0,963.0,0.0,17.0,2.0,1.0,1077.0
2024-10-05,0,5,0,0,0,6,0,0,0,11,1,0,0,7,0,0,0.0,24.0,1.0,0.0,1,7.0,0.0,675.0,0.0,6.0,0.0,921.0,0.0,8.0,1.0,1077.0,1.0,3.0,1.0,437.0,0.0,21.0,1.0,1.0,1077.0
2024-10-06,0,6,0,0,0,5,0,0,0,6,0,0,0,11,1,0,0.0,22.0,1.0,0.0,1,5.0,0.0,817.0,0.0,7.0,0.0,675.0,0.0,6.0,0.0,921.0,0.0,8.0,1.0,1077.0,1.0,18.0,0.0,0.0,921.0
2024-10-07,0,1,2,0,0,6,0,0,0,5,0,0,0,6,0,0,0.0,17.0,0.0,0.0,1,3.0,0.0,1345.0,1.0,5.0,0.0,817.0,0.0,7.0,0.0,675.0,0.0,6.0,0.0,921.0,0.0,15.0,0.0,1.0,1345.0
2024-10-08,0,2,0,0,0,1,2,0,0,6,0,0,0,5,0,0,0.0,12.0,2.0,0.0,1,4.0,1.0,1124.0,1.0,3.0,0.0,1345.0,1.0,5.0,0.0,817.0,0.0,7.0,0.0,675.0,0.0,12.0,1.0,2.0,1345.0
2024-10-09,0,2,2,0,0,2,0,0,0,1,2,0,0,6,0,0,0.0,9.0,2.0,0.0,1,5.0,0.0,2112.0,4.0,4.0,1.0,1124.0,1.0,3.0,0.0,1345.0,1.0,5.0,0.0,817.0,0.0,12.0,1.0,6.0,2112.0
2024-10-10,0,5,0,0,0,2,2,0,0,2,0,0,0,1,2,0,0.0,5.0,4.0,0.0,0,2.0,0.0,1323.0,1.0,5.0,0.0,2112.0,4.0,4.0,1.0,1124.0,1.0,3.0,0.0,1345.0,1.0,11.0,1.0,6.0,2112.0
2024-10-11,0,3,0,0,0,5,0,0,0,2,2,0,0,2,0,0,0.0,9.0,2.0,0.0,0,4.0,0.0,808.0,0.0,2.0,0.0,1323.0,1.0,5.0,0.0,2112.0,4.0,4.0,1.0,1124.0,1.0,11.0,0.0,5.0,2112.0
2024-10-12,0,0,0,0,0,3,0,0,0,5,0,0,0,2,2,0,0.0,10.0,2.0,0.0,0,6.0,0.0,662.0,0.0,4.0,0.0,808.0,0.0,2.0,0.0,1323.0,1.0,5.0,0.0,2112.0,4.0,12.0,0.0,1.0,1323.0
2024-10-13,0,0,0,0,0,0,0,0,0,3,0,0,0,5,0,0,0.0,8.0,0.0,0.0,0,3.0,0.0,1184.0,2.0,6.0,0.0,662.0,0.0,4.0,0.0,808.0,0.0,2.0,0.0,1323.0,1.0,13.0,0.0,2.0,1184.0
2024-10-14,0,2,0,0,0,0,0,0,0,0,0,0,0,3,0,0,0.0,3.0,0.0,0.0,0,7.0,0.0,829.0,0.0,3.0,0.0,1184.0,2.0,6.0,0.0,662.0,0.0,4.0,0.0,808.0,0.0,16.0,0.0,2.0,1184.0
2024-10-15,0,5,0,0,0,2,0,0,0,0,0,0,0,0,0,0,0.0,2.0,0.0,0.0,0,5.0,0.0,746.0,0.0,7.0,0.0,829.0,0.0,3.0,0.0,1184.0,2.0,6.0,0.0,662.0,0.0,15.0,0.0,2.0,1184.0
2024-10-16,0,8,0,1,0,5,0,0,0,2,0,0,0,0,0,0,0.0,7.0,0.0,0.0,0,4.0,0.0,980.0,0.0,5.0,0.0,746.0,0.0,7.0,0.0,829.0,0.0,3.0,0.0,1184.0,2.0,16.0,0.0,0.0,980.0
2024-10-17,0,2,0,0,0,8,0,1,0,5,0,0,0,2,0,0,0.0,15.0,0.0,1.0,0,4.0,0.0,489.0,0.0,4.0,0.0,980.0,0.0,5.0,0.0,746.0,0.0,7.0,0.0,829.0,0.0,13.0,0.0,0.0,980.0
2024-10-18,0,3,0,0,0,2,0,0,0,8,0,1,0,5,0,0,0.0,15.0,0.0,1.0,0,1.0,0.0,305.0,0.0,4.0,0.0,489.0,0.0,4.0,0.0,980.0,0.0,5.0,0.0,746.0,0.0,9.0,0.0,0.0,980.0
2024-10-19,0,2,0,0,0,3,0,0,0,2,0,0,0,8,0,1,0.0,13.0,0.0,1.0,0,5.0,0.0,1015.0,1.0,1.0,0.0,305.0,0.0,4.0,0.0,489.0,0.0,4.0,0.0,980.0,0.0,10.0,0.0,1.0,1015.0
2024-10-20,0,0,0,0,0,2,0,0,0,3,0,0,0,2,0,0,0.0,7.0,0.0,0.0,0,0.0,0.0,0.0,0.0,5.0,0.0,1015.0,1.0,1.0,0.0,305.0,0.0,4.0,0.0,489.0,0.0,6.0,0.0,1.0,1015.0
2024-10-21,1,0,0,0,0,0,0,0,0,2,0,0,0,3,0,0,0.0,5.0,0.0,0.0,0,5.0,0.0,703.0,0.0,0.0,0.0,0.0,0.0,5.0,0.0,1015.0,1.0,1.0,0.0,305.0,0.0,10.0,0.0,1.0,1015.0
2024-10-22,0,0,0,1,1,0,0,0,0,0,0,0,0,2,0,0,1.0,2.0,0.0,0.0,0,4.0,0.0,888.0,0.0,5.0,0.0,703.0,0.0,0.0,0.0,0.0,0.0,5.0,0.0,1015.0,1.0,9.0,0.0,0.0,888.0
2024-10-23,0,0,0,0,0,0,0,1,1,0,0,0,0,0,0,0,1.0,0.0,0.0,1.0,0,5.0,1.0,753.0,0.0,4.0,0.0,888.0,0.0,5.0,0.0,703.0,0.0,0.0,0.0,0.0,0.0,14.0,1.0,0.0,888.0
2024-10-24,0,1,1,0,0,0,0,0,0,0,0,1,1,0,0,0,1.0,0.0,0.0,1.0,0,9.0,1.0,2006.0,1.0,5.0,1.0,753.0,0.0,4.0,0.0,888.0,0.0,5.0,0.0,703.0,0.0,18.0,2.0,1.0,2006.0
2024-10-25,0,1,0,0,0,1,1,0,0,0,0,0,0,0,0,1,0.0,1.0,1.0,1.0,0,8.0,0.0,735.0,0.0,9.0,1.0,2006.0,1.0,5.0,1.0,753.0,0.0,4.0,0.0,888.0,0.0,22.0,2.0,1.0,2006.0
2024-10-26,0,4,1,1,0,1,0,0,0,1,1,0,0,0,0,0,0.0,2.0,1.0,0.0,0,5.0,1.0,1677.0,1.0,8.0,0.0,735.0,0.0,9.0,1.0,2006.0,1.0,5.0,1.0,753.0,0.0,22.0,2.0,2.0,2006.0
2024-10-27,0,1,0,0,0,4,1,1,0,1,0,0,0,1,1,0,0.0,6.0,2.0,1.0,0,1.0,0.0,625.0,0.0,5.0,1.0,1677.0,1.0,8.0,0.0,735.0,0.0,9.0,1.0,2006.0,1.0,14.0,1.0,1.0,1677.0
2024-10-28,0,3,0,0,0,1,0,0,0,4,1,1,0,1,0,0,0.0,6.0,1.0,1.0,0,2.0,0.0,755.0,0.0,1.0,0.0,625.0,0.0,5.0,1.0,1677.0,1.0,8.0,0.0,735.0,0.0,8.0,1.0,1.0,1677.0
2024-10-29,0,1,0,0,0,3,0,0,0,1,0,0,0,4,1,1,0.0,8.0,1.0,1.0,0,8.0,1.0,1047.0,1.0,2.0,0.0,755.0,0.0,1.0,0.0,625.0,0.0,5.0,1.0,1677.0,1.0,11.0,1.0,1.0,1047.0
2024-10-30,0,1,0,0,0,1,0,0,0,3,0,0,0,1,0,0,0.0,5.0,0.0,0.0,0,11.0,0.0,950.0,0.0,8.0,1.0,1047.0,1.0,2.0,0.0,755.0,0.0,1.0,0.0,625.0,0.0,21.0,1.0,1.0,1047.0
2024-10-31,0,9,1,0,0,1,0,0,0,1,0,0,0,3,0,0,0.0,5.0,0.0,0.0,0,8.0,1.0,723.0,0.0,11.0,0.0,950.0,0.0,8.0,1.0,1047.0,1.0,2.0,0.0,755.0,0.0,27.0,2.0,1.0,1047.0
2024-11-01,0,4,0,0,0,9,1,0,0,1,0,0,0,1,0,0,0.0,11.0,1.0,0.0,0,2.0,0.0,360.0,0.0,8.0,1.0,723.0,0.0,11.0,0.0,950.0,0.0,8.0,1.0,1047.0,1.0,21.0,1.0,0.0,950.0
2024-11-02,0,2,0,0,0,4,0,0,0,9,1,0,0,1,0,0,0.0,14.0,1.0,0.0,0,2.0,0.0,514.0,0.0,2.0,0.0,360.0,0.0,8.0,1.0,723.0,0.0,11.0,0.0,950.0,0.0,12.0,1.0,0.0,723.0
2024-11-03,0,5,0,0,0,2,0,0,0,4,0,0,0,9,1,0,0.0,15.0,1.0,0.0,0,2.0,0.0,662.0,0.0,2.0,0.0,514.0,0.0,2.0,0.0,360.0,0.0,8.0,1.0,723.0,0.0,6.0,0.0,0.0,662.0
2024-11-04,1,12,0,0,0,5,0,0,0,2,0,0,0,4,0,0,0.0,11.0,0.0,0.0,0,4.0,1.0,1067.0,1.0,2.0,0.0,662.0,0.0,2.0,0.0,514.0,0.0,2.0,0.0,360.0,0.0,8.0,1.0,1.0,1067.0
2024-11-05,0,5,0,0,1,12,0,0,0,5,0,0,0,2,0,0,1.0,19.0,0.0,0.0,0,6.0,1.0,545.0,0.0,4.0,1.0,1067.0,1.0,2.0,0.0,662.0,0.0,2.0,0.0,514.0,0.0,12.0,2.0,1.0,1067.0
2024-11-06,0,15,1,0,0,5,0,0,1,12,0,0,0,5,0,0,1.0,22.0,0.0,0.0,0,6.0,0.0,488.0,0.0,6.0,1.0,545.0,0.0,4.0,1.0,1067.0,1.0,2.0,0.0,662.0,0.0,16.0,2.0,1.0,1067.0
2024-11-07,0,7,0,0,0,15,1,0,0,5,0,0,1,12,0,0,1.0,32.0,1.0,0.0,0,4.0,0.0,1025.0,1.0,6.0,0.0,488.0,0.0,6.0,1.0,545.0,0.0,4.0,1.0,1067.0,1.0,16.0,1.0,1.0,1025.0
2024-11-08,0,1,0,0,0,7,0,0,0,15,1,0,0,5,0,0,0.0,27.0,1.0,0.0,0,7.0,0.0,392.0,0.0,4.0,0.0,1025.0,1.0,6.0,0.0,488.0,0.0,6.0,1.0,545.0,0.0,17.0,0.0,1.0,1025.0
2024-11-09,0,1,0,0,0,1,0,0,0,7,0,0,0,15,1,0,0.0,23.0,1.0,0.0,0,2.0,0.0,342.0,0.0,7.0,0.0,392.0,0.0,4.0,0.0,1025.0,1.0,6.0,0.0,488.0,0.0,13.0,0.0,1.0,1025.0
2024-11-10,2,3,0,0,0,1,0,0,0,1,0,0,0,7,0,0,0.0,9.0,0.0,0.0,0,3.0,0.0,921.0,0.0,2.0,0.0,342.0,0.0,7.0,0.0,392.0,0.0,4.0,0.0,1025.0,1.0,12.0,0.0,0.0,921.0
2024-11-11,0,2,0,0,2,3,0,0,0,1,0,0,0,1,0,0,2.0,5.0,0.0,0.0,0,3.0,1.0,984.0,0.0,3.0,0.0,921.0,0.0,2.0,0.0,342.0,0.0,7.0,0.0,392.0,0.0,8.0,1.0,0.0,984.0
2024-11-12,1,0,0,0,0,2,0,0,2,3,0,0,0,1,0,0,2.0,6.0,0.0,0.0,0,8.0,0.0,846.0,0.0,3.0,1.0,984.0,0.0,3.0,0.0,921.0,0.0,2.0,0.0,342.0,0.0,14.0,1.0,0.0,984.0
2024-11-13,0,2,0,0,1,0,0,0,0,2,0,0,2,3,0,0,3.0,5.0,0.0,0.0,0,5.0,1.0,499.0,0.0,8.0,0.0,846.0,0.0,3.0,1.0,984.0,0.0,3.0,0.0,921.0,0.0,16.0,2.0,0.0,984.0
2024-11-14,0,0,0,1,0,2,0,0,1,0,0,0,0,2,0,0,1.0,4.0,0.0,0.0,0,7.0,1.0,692.0,0.0,5.0,1.0,499.0,0.0,8.0,0.0,846.0,0.0,3.0,1.0,984.0,0.0,20.0,2.0,0.0,846.0
2024-11-15,0,2,0,0,0,0,0,1,0,2,0,0,1,0,0,0,1.0,2.0,0.0,1.0,0,7.0,0.0,731.0,0.0,7.0,1.0,692.0,0.0,5.0,1.0,499.0,0.0,8.0,0.0,846.0,0.0,19.0,2.0,0.0,731.0
2024-11-16,0,1,0,0,0,2,0,0,0,0,0,1,0,2,0,0,0.0,4.0,0.0,1.0,0,5.0,0.0,698.0,0.0,7.0,0.0,731.0,0.0,7.0,1.0,692.0,0.0,5.0,1.0,499.0,0.0,19.0,1.0,0.0,731.0
2024-11-17,1,0,0,0,0,1,0,0,0,2,0,0,0,0,0,1,0.0,3.0,0.0,1.0,0,6.0,0.0,819.0,0.0,5.0,0.0,698.0,0.0,7.0,0.0,731.0,0.0,7.0,1.0,692.0,0.0,18.0,0.0,0.0,819.0
2024-11-18,0,11,0,0,1,0,0,0,0,1,0,0,0,2,0,0,1.0,3.0,0.0,0.0,0,4.0,0.0,538.0,0.0,6.0,0.0,819.0,0.0,5.0,0.0,698.0,0.0,7.0,0.0,731.0,0.0,15.0,0.0,0.0,819.0
2024-11-19,0,0,0,0,0,11,0,0,1,0,0,0,0,1,0,0,1.0,12.0,0.0,0.0,0,4.0,0.0,489.0,0.0,4.0,0.0,538.0,0.0,6.0,0.0,819.0,0.0,5.0,0.0,698.0,0.0,14.0,0.0,0.0,819.0
2024-11-20,0,1,0,0,0,0,0,0,0,11,0,0,1,0,0,0,1.0,11.0,0.0,0.0,0,4.0,0.0,472.0,0.0,4.0,0.0,489.0,0.0,4.0,0.0,538.0,0.0,6.0,0.0,819.0,0.0,12.0,0.0,0.0,538.0
2024-11-21,0,0,0,0,0,1,0,0,0,0,0,0,0,11,0,0,0.0,12.0,0.0,0.0,0,5.0,0.0,1678.0,1.0,4.0,0.0,472.0,0.0,4.0,0.0,489.0,0.0,4.0,0.0,538.0,0.0,13.0,0.0,1.0,1678.0
2024-11-22,0,2,0,0,0,0,0,0,0,1,0,0,0,0,0,0,0.0,1.0,0.0,0.0,0,11.0,0.0,957.0,0.0,5.0,0.0,1678.0,1.0,4.0,0.0,472.0,0.0,4.0,0.0,489.0,0.0,20.0,0.0,1.0,1678.0
2024-11-23,1,2,0,0,0,2,0,0,0,0,0,0,0,1,0,0,0.0,3.0,0.0,0.0,0,7.0,0.0,764.0,0.0,11.0,0.0,957.0,0.0,5.0,0.0,1678.0,1.0,4.0,0.0,472.0,0.0,23.0,0.0,1.0,1678.0
2024-11-24,0,1,0,0,1,2,0,0,0,2,0,0,0,0,0,0,1.0,4.0,0.0,0.0,0,2.0,0.0,317.0,0.0,7.0,0.0,764.0,0.0,11.0,0.0,957.0,0.0,5.0,0.0,1678.0,1.0,20.0,0.0,0.0,957.0
2024-11-25,0,8,0,0,0,1,0,0,1,2,0,0,0,2,0,0,1.0,5.0,0.0,0.0,0,9.0,3.0,1092.0,1.0,2.0,0.0,317.0,0.0,7.0,0.0,764.0,0.0,11.0,0.0,957.0,0.0,18.0,3.0,1.0,1092.0
2024-11-26,0,0,0,0,0,8,0,0,0,1,0,0,1,2,0,0,1.0,11.0,0.0,0.0,0,1.0,0.0,562.0,0.0,9.0,3.0,1092.0,1.0,2.0,0.0,317.0,0.0,7.0,0.0,764.0,0.0,12.0,3.0,1.0,1092.0
2024-11-27,1,1,0,0,0,0,0,0,0,8,0,0,0,1,0,0,0.0,9.0,0.0,0.0,0,4.0,0.0,854.0,0.0,1.0,0.0,562.0,0.0,9.0,3.0,1092.0,1.0,2.0,0.0,317.0,0.0,14.0,3.0,1.0,1092.0
2024-11-28,0,0,0,0,1,1,0,0,0,0,0,0,0,8,0,0,1.0,9.0,0.0,0.0,0,2.0,0.0,610.0,0.0,4.0,0.0,854.0,0.0,1.0,0.0,562.0,0.0,9.0,3.0,1092.0,1.0,7.0,0.0,0.0,854.0
2024-11-29,0,0,0,0,0,0,0,0,1,1,0,0,0,0,0,0,1.0,1.0,0.0,0.0,0,4.0,0.0,729.0,0.0,2.0,0.0,610.0,0.0,4.0,0.0,854.0,0.0,1.0,0.0,562.0,0.0,10.0,0.0,0.0,854.0
2024-11-30,0,0,0,0,0,0,0,0,0,0,0,0,1,1,0,0,1.0,1.0,0.0,0.0,0,2.0,0.0,749.0,0.0,4.0,0.0,729.0,0.0,2.0,0.0,610.0,0.0,4.0,0.0,854.0,0.0,8.0,0.0,0.0,749.0
2024-12-01,0,0,0,0,0,0,0,0,0,0,0,0,0,0,0,0,0.0,0.0,0.0,0.0,0,3.0,0.0,467.0,0.0,2.0,0.0,749.0,0.0,4.0,0.0,729.0,0.0,2.0,0.0,610.0,0.0,9.0,0.0,0.0,749.0
2024-12-02,0,0,0,0,0,0,0,0,0,0,0,0,0,0,0,0,0.0,0.0,0.0,0.0,0,3.0,0.0,572.0,0.0,3.0,0.0,467.0,0.0,2.0,0.0,749.0,0.0,4.0,0.0,729.0,0.0,8.0,0.0,0.0,749.0
2024-12-03,0,0,0,0,0,0,0,0,0,0,0,0,0,0,0,0,0.0,0.0,0.0,0.0,0,3.0,0.0,998.0,0.0,3.0,0.0,572.0,0.0,3.0,0.0,467.0,0.0,2.0,0.0,749.0,0.0,9.0,0.0,0.0,998.0
2024-12-04,0,3,0,0,0,0,0,0,0,0,0,0,0,0,0,0,0.0,0.0,0.0,0.0,0,1.0,0.0,273.0,0.0,3.0,0.0,998.0,0.0,3.0,0.0,572.0,0.0,3.0,0.0,467.0,0.0,7.0,0.0,0.0,998.0
2024-12-05,0,3,0,0,0,3,0,0,0,0,0,0,0,0,0,0,0.0,3.0,0.0,0.0,0,6.0,0.0,1096.0,1.0,1.0,0.0,273.0,0.0,3.0,0.0,998.0,0.0,3.0,0.0,572.0,0.0,10.0,0.0,1.0,1096.0
2024-12-06,0,1,0,0,0,3,0,0,0,3,0,0,0,0,0,0,0.0,6.0,0.0,0.0,0,4.0,0.0,795.0,0.0,6.0,0.0,1096.0,1.0,1.0,0.0,273.0,0.0,3.0,0.0,998.0,0.0,11.0,0.0,1.0,1096.0
2024-12-07,0,2,0,0,0,1,0,0,0,3,0,0,0,3,0,0,0.0,7.0,0.0,0.0,0,7.0,0.0,437.0,0.0,4.0,0.0,795.0,0.0,6.0,0.0,1096.0,1.0,1.0,0.0,273.0,0.0,17.0,0.0,1.0,1096.0
2024-12-08,0,1,1,1,0,2,0,0,0,1,0,0,0,3,0,0,0.0,6.0,0.0,0.0,0,2.0,1.0,677.0,0.0,7.0,0.0,437.0,0.0,4.0,0.0,795.0,0.0,6.0,0.0,1096.0,1.0,13.0,1.0,0.0,795.0
2024-12-09,0,0,0,0,0,1,1,1,0,2,0,0,0,1,0,0,0.0,4.0,1.0,1.0,0,2.0,1.0,335.0,0.0,2.0,1.0,677.0,0.0,7.0,0.0,437.0,0.0,4.0,0.0,795.0,0.0,11.0,2.0,0.0,677.0
2024-12-10,2,4,0,0,0,0,0,0,0,1,1,1,0,2,0,0,0.0,3.0,1.0,1.0,0,13.0,1.0,1005.0,1.0,2.0,1.0,335.0,0.0,2.0,1.0,677.0,0.0,7.0,0.0,437.0,0.0,17.0,3.0,1.0,1005.0
2024-12-11,1,3,0,0,2,4,0,0,0,0,0,0,0,1,1,1,2.0,5.0,1.0,1.0,0,7.0,0.0,1167.0,1.0,13.0,1.0,1005.0,1.0,2.0,1.0,335.0,0.0,2.0,1.0,677.0,0.0,22.0,2.0,2.0,1167.0
2024-12-12,0,2,0,0,1,3,0,0,2,4,0,0,0,0,0,0,3.0,7.0,0.0,0.0,0,4.0,0.0,754.0,0.0,7.0,0.0,1167.0,1.0,13.0,1.0,1005.0,1.0,2.0,1.0,335.0,0.0,24.0,1.0,2.0,1167.0
2024-12-13,1,3,0,0,0,2,0,0,1,3,0,0,2,4,0,0,3.0,9.0,0.0,0.0,0,7.0,0.0,796.0,0.0,4.0,0.0,754.0,0.0,7.0,0.0,1167.0,1.0,13.0,1.0,1005.0,1.0,18.0,0.0,1.0,1167.0
2024-12-14,1,0,0,0,1,3,0,0,0,2,0,0,1,3,0,0,2.0,8.0,0.0,0.0,0,7.0,0.0,748.0,0.0,7.0,0.0,796.0,0.0,4.0,0.0,754.0,0.0,7.0,0.0,1167.0,1.0,18.0,0.0,0.0,796.0
2024-12-15,1,1,0,1,1,0,0,0,1,3,0,0,0,2,0,0,2.0,5.0,0.0,0.0,0,10.0,1.0,1764.0,2.0,7.0,0.0,748.0,0.0,7.0,0.0,796.0,0.0,4.0,0.0,754.0,0.0,24.0,1.0,2.0,1764.0
2024-12-16,0,0,0,0,1,1,0,1,1,0,0,0,1,3,0,0,3.0,4.0,0.0,1.0,0,3.0,0.0,502.0,0.0,10.0,1.0,1764.0,2.0,7.0,0.0,748.0,0.0,7.0,0.0,796.0,0.0,20.0,1.0,2.0,1764.0
2024-12-17,0,0,0,0,0,0,0,0,1,1,0,1,1,0,0,0,2.0,1.0,0.0,1.0,0,5.0,0.0,3161.0,1.0,3.0,0.0,502.0,0.0,10.0,1.0,1764.0,2.0,7.0,0.0,748.0,0.0,18.0,1.0,3.0,3161.0
2024-12-18,0,0,0,0,0,0,0,0,0,0,0,0,1,1,0,1,1.0,1.0,0.0,1.0,0,7.0,0.0,620.0,0.0,5.0,0.0,3161.0,1.0,3.0,0.0,502.0,0.0,10.0,1.0,1764.0,2.0,15.0,0.0,1.0,3161.0
2024-12-19,0,3,0,0,0,0,0,0,0,0,0,0,0,0,0,0,0.0,0.0,0.0,0.0,0,4.0,0.0,814.0,0.0,7.0,0.0,620.0,0.0,5.0,0.0,3161.0,1.0,3.0,0.0,502.0,0.0,16.0,0.0,1.0,3161.0
2024-12-20,1,2,0,0,0,3,0,0,0,0,0,0,0,0,0,0,0.0,3.0,0.0,0.0,0,10.0,0.0,719.0,0.0,4.0,0.0,814.0,0.0,7.0,0.0,620.0,0.0,5.0,0.0,3161.0,1.0,21.0,0.0,0.0,814.0
2024-12-21,1,1,0,2,1,2,0,0,0,3,0,0,0,0,0,0,1.0,5.0,0.0,0.0,0,6.0,0.0,946.0,0.0,10.0,0.0,719.0,0.0,4.0,0.0,814.0,0.0,7.0,0.0,620.0,0.0,20.0,0.0,0.0,946.0
2024-12-22,0,3,0,0,1,1,0,2,1,2,0,0,0,3,0,0,2.0,6.0,0.0,2.0,0,9.0,1.0,704.0,0.0,6.0,0.0,946.0,0.0,10.0,0.0,719.0,0.0,4.0,0.0,814.0,0.0,25.0,1.0,0.0,946.0
2024-12-23,0,3,0,0,0,3,0,0,1,1,0,2,1,2,0,0,2.0,6.0,0.0,2.0,0,6.0,1.0,846.0,0.0,9.0,1.0,704.0,0.0,6.0,0.0,946.0,0.0,10.0,0.0,719.0,0.0,21.0,2.0,0.0,946.0
2024-12-24,0,8,0,0,0,3,0,0,0,3,0,0,1,1,0,2,1.0,7.0,0.0,2.0,0,6.0,2.0,1104.0,1.0,6.0,1.0,846.0,0.0,9.0,1.0,704.0,0.0,6.0,0.0,946.0,0.0,21.0,4.0,1.0,1104.0
2024-12-25,0,3,0,0,0,8,0,0,0,3,0,0,0,3,0,0,0.0,14.0,0.0,0.0,0,6.0,2.0,876.0,0.0,6.0,2.0,1104.0,1.0,6.0,1.0,846.0,0.0,9.0,1.0,704.0,0.0,18.0,5.0,1.0,1104.0
2024-12-26,1,1,0,0,0,3,0,0,0,8,0,0,0,3,0,0,0.0,14.0,0.0,0.0,0,8.0,1.0,1240.0,1.0,6.0,2.0,876.0,0.0,6.0,2.0,1104.0,1.0,6.0,1.0,846.0,0.0,20.0,5.0,2.0,1240.0
2024-12-27,0,2,0,0,1,1,0,0,0,3,0,0,0,8,0,0,1.0,12.0,0.0,0.0,0,7.0,0.0,985.0,0.0,8.0,1.0,1240.0,1.0,6.0,2.0,876.0,0.0,6.0,2.0,1104.0,1.0,21.0,3.0,1.0,1240.0
2024-12-28,0,3,0,0,0,2,0,0,1,1,0,0,0,3,0,0,1.0,6.0,0.0,0.0,0,8.0,1.0,835.0,0.0,7.0,0.0,985.0,0.0,8.0,1.0,1240.0,1.0,6.0,2.0,876.0,0.0,23.0,2.0,1.0,1240.0
2024-12-29,0,21,1,0,0,3,0,0,0,2,0,0,1,1,0,0,1.0,6.0,0.0,0.0,1,7.0,0.0,1114.0,1.0,8.0,1.0,835.0,0.0,7.0,0.0,985.0,0.0,8.0,1.0,1240.0,1.0,22.0,1.0,1.0,1114.0
2024-12-30,0,14,2,0,0,21,1,0,0,3,0,0,0,2,0,0,0.0,26.0,1.0,0.0,1,3.0,0.0,539.0,0.0,7.0,0.0,1114.0,1.0,8.0,1.0,835.0,0.0,7.0,0.0,985.0,0.0,18.0,1.0,1.0,1114.0
2024-12-31,0,4,0,0,0,14,2,0,0,21,1,0,0,3,0,0,0.0,38.0,3.0,0.0,1,4.0,0.0,712.0,0.0,3.0,0.0,539.0,0.0,7.0,0.0,1114.0,1.0,8.0,1.0,835.0,0.0,14.0,0.0,1.0,1114.0
2025-01-01,0,4,0,0,0,4,0,0,0,14,2,0,0,21,1,0,0.0,39.0,3.0,0.0,0,5.0,0.0,611.0,0.0,4.0,0.0,712.0,0.0,3.0,0.0,539.0,0.0,7.0,0.0,1114.0,1.0,12.0,0.0,0.0,712.0
2025-01-02,0,1,0,0,0,4,0,0,0,4,0,0,0,14,2,0,0.0,22.0,2.0,0.0,0,7.0,0.0,986.0,0.0,5.0,0.0,611.0,0.0,4.0,0.0,712.0,0.0,3.0,0.0,539.0,0.0,16.0,0.0,0.0,986.0
2025-01-03,0,3,2,0,0,1,0,0,0,4,0,0,0,4,0,0,0.0,9.0,0.0,0.0,0,3.0,0.0,584.0,0.0,7.0,0.0,986.0,0.0,5.0,0.0,611.0,0.0,4.0,0.0,712.0,0.0,15.0,0.0,0.0,986.0
2025-01-04,2,4,1,1,0,3,2,0,0,1,0,0,0,4,0,0,0.0,8.0,2.0,0.0,0,4.0,3.0,1603.0,1.0,3.0,0.0,584.0,0.0,7.0,0.0,986.0,0.0,5.0,0.0,611.0,0.0,14.0,3.0,1.0,1603.0
2025-01-05,0,4,0,0,2,4,1,1,0,3,2,0,0,1,0,0,2.0,8.0,3.0,1.0,0,4.0,0.0,434.0,0.0,4.0,3.0,1603.0,1.0,3.0,0.0,584.0,0.0,7.0,0.0,986.0,0.0,11.0,3.0,1.0,1603.0
2025-01-06,1,3,0,0,0,4,0,0,2,4,1,1,0,3,2,0,2.0,11.0,3.0,1.0,0,4.0,0.0,1184.0,1.0,4.0,0.0,434.0,0.0,4.0,3.0,1603.0,1.0,3.0,0.0,584.0,0.0,12.0,3.0,2.0,1603.0
2025-01-07,1,1,0,0,1,3,0,0,0,4,0,0,2,4,1,1,3.0,11.0,1.0,1.0,0,4.0,0.0,1219.0,1.0,4.0,0.0,1184.0,1.0,4.0,0.0,434.0,0.0,4.0,3.0,1603.0,1.0,12.0,0.0,2.0,1219.0
2025-01-08,0,0,0,0,1,1,0,0,1,3,0,0,0,4,0,0,2.0,8.0,0.0,0.0,0,3.0,0.0,650.0,0.0,4.0,0.0,1219.0,1.0,4.0,0.0,1184.0,1.0,4.0,0.0,434.0,0.0,11.0,0.0,2.0,1219.0
2025-01-09,0,1,0,1,0,0,0,0,1,1,0,0,1,3,0,0,2.0,4.0,0.0,0.0,0,1.0,0.0,268.0,0.0,3.0,0.0,650.0,0.0,4.0,0.0,1219.0,1.0,4.0,0.0,1184.0,1.0,8.0,0.0,1.0,1219.0
2025-01-10,1,0,0,0,0,1,0,1,0,0,0,0,1,1,0,0,1.0,2.0,0.0,1.0,0,2.0,0.0,444.0,0.0,1.0,0.0,268.0,0.0,3.0,0.0,650.0,0.0,4.0,0.0,1219.0,1.0,6.0,0.0,0.0,650.0
2025-01-11,1,0,0,0,1,0,0,0,0,1,0,1,0,0,0,0,1.0,1.0,0.0,1.0,0,3.0,0.0,931.0,0.0,2.0,0.0,444.0,0.0,1.0,0.0,268.0,0.0,3.0,0.0,650.0,0.0,6.0,0.0,0.0,931.0
2025-01-12,0,0,0,0,1,0,0,0,1,0,0,0,0,1,0,1,2.0,1.0,0.0,1.0,0,2.0,0.0,375.0,0.0,3.0,0.0,931.0,0.0,2.0,0.0,444.0,0.0,1.0,0.0,268.0,0.0,7.0,0.0,0.0,931.0
2025-01-13,0,0,0,1,0,0,0,0,1,0,0,0,1,0,0,0,2.0,0.0,0.0,0.0,0,2.0,0.0,627.0,0.0,2.0,0.0,375.0,0.0,3.0,0.0,931.0,0.0,2.0,0.0,444.0,0.0,7.0,0.0,0.0,931.0
2025-01-14,0,0,0,1,0,0,0,1,0,0,0,0,1,0,0,0,1.0,0.0,0.0,1.0,0,6.0,0.0,817.0,0.0,2.0,0.0,627.0,0.0,2.0,0.0,375.0,0.0,3.0,0.0,931.0,0.0,10.0,0.0,0.0,817.0
2025-01-15,0,0,0,0,0,0,0,1,0,0,0,1,0,0,0,0,0.0,0.0,0.0,2.0,0,2.0,0.0,596.0,0.0,6.0,0.0,817.0,0.0,2.0,0.0,627.0,0.0,2.0,0.0,375.0,0.0,10.0,0.0,0.0,817.0
2025-01-16,0,0,0,1,0,0,0,0,0,0,0,1,0,0,0,1,0.0,0.0,0.0,2.0,0,4.0,0.0,732.0,0.0,2.0,0.0,596.0,0.0,6.0,0.0,817.0,0.0,2.0,0.0,627.0,0.0,12.0,0.0,0.0,817.0
2025-01-17,0,9,0,1,0,0,0,1,0,0,0,0,0,0,0,1,0.0,0.0,0.0,2.0,0,4.0,1.0,741.0,0.0,4.0,0.0,732.0,0.0,2.0,0.0,596.0,0.0,6.0,0.0,817.0,0.0,10.0,1.0,0.0,741.0
2025-01-18,0,2,0,0,0,9,0,1,0,0,0,1,0,0,0,0,0.0,9.0,0.0,2.0,0,5.0,2.0,915.0,0.0,4.0,1.0,741.0,0.0,4.0,0.0,732.0,0.0,2.0,0.0,596.0,0.0,13.0,3.0,0.0,915.0
2025-01-19,0,1,0,2,0,2,0,0,0,9,0,1,0,0,0,1,0.0,11.0,0.0,2.0,0,6.0,0.0,767.0,0.0,5.0,2.0,915.0,0.0,4.0,1.0,741.0,0.0,4.0,0.0,732.0,0.0,15.0,3.0,0.0,915.0
2025-01-20,0,0,0,0,0,1,0,2,0,2,0,0,0,9,0,1,0.0,12.0,0.0,3.0,0,7.0,1.0,692.0,0.0,6.0,0.0,767.0,0.0,5.0,2.0,915.0,0.0,4.0,1.0,741.0,0.0,18.0,3.0,0.0,915.0
2025-01-21,0,1,0,0,0,0,0,0,0,1,0,2,0,2,0,0,0.0,3.0,0.0,2.0,0,8.0,1.0,1129.0,1.0,7.0,1.0,692.0,0.0,6.0,0.0,767.0,0.0,5.0,2.0,915.0,0.0,21.0,2.0,1.0,1129.0
2025-01-22,0,1,0,0,0,1,0,0,0,0,0,0,0,1,0,2,0.0,2.0,0.0,2.0,0,10.0,0.0,1310.0,1.0,8.0,1.0,1129.0,1.0,7.0,1.0,692.0,0.0,6.0,0.0,767.0,0.0,25.0,2.0,2.0,1310.0
2025-01-23,0,0,0,0,0,1,0,0,0,1,0,0,0,0,0,0,0.0,2.0,0.0,0.0,0,5.0,0.0,858.0,0.0,10.0,0.0,1310.0,1.0,8.0,1.0,1129.0,1.0,7.0,1.0,692.0,0.0,23.0,1.0,2.0,1310.0
2025-01-24,1,1,0,0,0,0,0,0,0,1,0,0,0,1,0,0,0.0,2.0,0.0,0.0,0,4.0,0.0,656.0,0.0,5.0,0.0,858.0,0.0,10.0,0.0,1310.0,1.0,8.0,1.0,1129.0,1.0,19.0,0.0,1.0,1310.0
2025-01-25,3,0,0,0,1,1,0,0,0,0,0,0,0,1,0,0,1.0,2.0,0.0,0.0,0,4.0,0.0,817.0,0.0,4.0,0.0,656.0,0.0,5.0,0.0,858.0,0.0,10.0,0.0,1310.0,1.0,13.0,0.0,0.0,858.0
2025-01-26,0,0,0,0,3,0,0,0,1,1,0,0,0,0,0,0,4.0,1.0,0.0,0.0,0,3.0,0.0,1214.0,1.0,4.0,0.0,817.0,0.0,4.0,0.0,656.0,0.0,5.0,0.0,858.0,0.0,11.0,0.0,1.0,1214.0
2025-01-27,0,1,0,0,0,0,0,0,3,0,0,0,1,1,0,0,4.0,1.0,0.0,0.0,0,5.0,0.0,627.0,0.0,3.0,0.0,1214.0,1.0,4.0,0.0,817.0,0.0,4.0,0.0,656.0,0.0,12.0,0.0,1.0,1214.0
2025-01-28,0,1,0,0,0,1,0,0,0,0,0,0,3,0,0,0,3.0,1.0,0.0,0.0,0,2.0,0.0,1117.0,1.0,5.0,0.0,627.0,0.0,3.0,0.0,1214.0,1.0,4.0,0.0,817.0,0.0,10.0,0.0,2.0,1214.0
2025-01-29,0,1,0,0,0,1,0,0,0,1,0,0,0,0,0,0,0.0,2.0,0.0,0.0,0,1.0,0.0,479.0,0.0,2.0,0.0,1117.0,1.0,5.0,0.0,627.0,0.0,3.0,0.0,1214.0,1.0,8.0,0.0,1.0,1117.0
2025-01-30,0,0,0,0,0,1,0,0,0,1,0,0,0,1,0,0,0.0,3.0,0.0,0.0,0,6.0,1.0,892.0,0.0,1.0,0.0,479.0,0.0,2.0,0.0,1117.0,1.0,5.0,0.0,627.0,0.0,9.0,1.0,1.0,1117.0
2025-01-31,0,3,0,1,0,0,0,0,0,1,0,0,0,1,0,0,0.0,2.0,0.0,0.0,0,1.0,1.0,399.0,0.0,6.0,1.0,892.0,0.0,1.0,0.0,479.0,0.0,2.0,0.0,1117.0,1.0,8.0,2.0,0.0,892.0
2025-02-01,0,1,0,0,0,3,0,1,0,0,0,0,0,1,0,0,0.0,4.0,0.0,1.0,0,2.0,0.0,445.0,0.0,1.0,1.0,399.0,0.0,6.0,1.0,892.0,0.0,1.0,0.0,479.0,0.0,9.0,2.0,0.0,892.0
2025-02-02,0,6,0,0,0,1,0,0,0,3,0,1,0,0,0,0,0.0,4.0,0.0,1.0,0,8.0,1.0,1754.0,2.0,2.0,0.0,445.0,0.0,1.0,1.0,399.0,0.0,6.0,1.0,892.0,0.0,11.0,2.0,2.0,1754.0
2025-02-03,0,10,0,1,0,6,0,0,0,1,0,0,0,3,0,1,0.0,10.0,0.0,1.0,0,2.0,0.0,710.0,0.0,8.0,1.0,1754.0,2.0,2.0,0.0,445.0,0.0,1.0,1.0,399.0,0.0,12.0,1.0,2.0,1754.0
2025-02-04,0,7,0,0,0,10,0,1,0,6,0,0,0,1,0,0,0.0,17.0,0.0,1.0,0,6.0,0.0,1604.0,1.0,2.0,0.0,710.0,0.0,8.0,1.0,1754.0,2.0,2.0,0.0,445.0,0.0,16.0,1.0,3.0,1754.0
2025-02-05,0,2,0,0,0,7,0,0,0,10,0,1,0,6,0,0,0.0,23.0,0.0,1.0,0,5.0,0.0,708.0,0.0,6.0,0.0,1604.0,1.0,2.0,0.0,710.0,0.0,8.0,1.0,1754.0,2.0,13.0,0.0,1.0,1604.0
2025-02-06,0,2,0,1,0,2,0,0,0,7,0,0,0,10,0,1,0.0,19.0,0.0,1.0,0,3.0,0.0,1633.0,1.0,5.0,0.0,708.0,0.0,6.0,0.0,1604.0,1.0,2.0,0.0,710.0,0.0,14.0,0.0,2.0,1633.0
2025-02-07,0,5,0,0,0,2,0,1,0,2,0,0,0,7,0,0,0.0,11.0,0.0,1.0,0,4.0,0.0,708.0,0.0,3.0,0.0,1633.0,1.0,5.0,0.0,708.0,0.0,6.0,0.0,1604.0,1.0,12.0,0.0,1.0,1633.0
2025-02-08,0,1,0,0,0,5,0,0,0,2,0,1,0,2,0,0,0.0,9.0,0.0,1.0,0,3.0,1.0,602.0,0.0,4.0,0.0,708.0,0.0,3.0,0.0,1633.0,1.0,5.0,0.0,708.0,0.0,10.0,1.0,1.0,1633.0
2025-02-09,0,0,0,1,0,1,0,0,0,5,0,0,0,2,0,1,0.0,8.0,0.0,1.0,0,1.0,0.0,702.0,0.0,3.0,1.0,602.0,0.0,4.0,0.0,708.0,0.0,3.0,0.0,1633.0,1.0,8.0,1.0,0.0,708.0
2025-02-10,0,1,0,0,0,0,0,1,0,1,0,0,0,5,0,0,0.0,6.0,0.0,1.0,0,4.0,0.0,603.0,0.0,1.0,0.0,702.0,0.0,3.0,1.0,602.0,0.0,4.0,0.0,708.0,0.0,8.0,1.0,0.0,702.0
2025-02-11,1,1,0,0,0,1,0,0,0,0,0,1,0,1,0,0,0.0,2.0,0.0,1.0,0,3.0,0.0,650.0,0.0,4.0,0.0,603.0,0.0,1.0,0.0,702.0,0.0,3.0,1.0,602.0,0.0,8.0,0.0,0.0,702.0
2025-02-12,0,0,0,1,1,1,0,0,0,1,0,0,0,0,0,1,1.0,2.0,0.0,1.0,0,6.0,0.0,606.0,0.0,3.0,0.0,650.0,0.0,4.0,0.0,603.0,0.0,1.0,0.0,702.0,0.0,13.0,0.0,0.0,650.0
2025-02-13,0,1,0,1,0,0,0,1,1,1,0,0,0,1,0,0,1.0,2.0,0.0,1.0,0,4.0,1.0,552.0,0.0,6.0,0.0,606.0,0.0,3.0,0.0,650.0,0.0,4.0,0.0,603.0,0.0,13.0,1.0,0.0,650.0
2025-02-14,1,3,0,0,0,1,0,1,0,0,0,1,1,1,0,0,1.0,2.0,0.0,2.0,0,5.0,2.0,701.0,0.0,4.0,1.0,552.0,0.0,6.0,0.0,606.0,0.0,3.0,0.0,650.0,0.0,15.0,3.0,0.0,701.0
2025-02-15,2,0,0,0,1,3,0,0,0,1,0,1,0,0,0,1,1.0,4.0,0.0,2.0,0,5.0,1.0,820.0,0.0,5.0,2.0,701.0,0.0,4.0,1.0,552.0,0.0,6.0,0.0,606.0,0.0,14.0,4.0,0.0,820.0
2025-02-16,0,0,0,0,2,0,0,0,1,3,0,0,0,1,0,1,3.0,4.0,0.0,1.0,0,6.0,0.0,488.0,0.0,5.0,1.0,820.0,0.0,5.0,2.0,701.0,0.0,4.0,1.0,552.0,0.0,16.0,3.0,0.0,820.0
2025-02-17,0,1,0,0,0,0,0,0,2,0,0,0,1,3,0,0,3.0,3.0,0.0,0.0,0,3.0,0.0,491.0,0.0,6.0,0.0,488.0,0.0,5.0,1.0,820.0,0.0,5.0,2.0,701.0,0.0,14.0,1.0,0.0,820.0
2025-02-18,0,0,0,1,0,1,0,0,0,0,0,0,2,0,0,0,2.0,1.0,0.0,0.0,0,0.0,0.0,0.0,0.0,3.0,0.0,491.0,0.0,6.0,0.0,488.0,0.0,5.0,1.0,820.0,0.0,9.0,0.0,0.0,491.0
2025-02-19,1,0,0,0,0,0,0,1,0,1,0,0,0,0,0,0,0.0,1.0,0.0,1.0,0,4.0,0.0,954.0,0.0,0.0,0.0,0.0,0.0,3.0,0.0,491.0,0.0,6.0,0.0,488.0,0.0,7.0,0.0,0.0,954.0
2025-02-20,0,0,0,0,1,0,0,0,0,0,0,1,0,1,0,0,1.0,1.0,0.0,1.0,0,8.0,0.0,684.0,0.0,4.0,0.0,954.0,0.0,0.0,0.0,0.0,0.0,3.0,0.0,491.0,0.0,12.0,0.0,0.0,954.0
2025-02-21,0,2,0,0,0,0,0,0,1,0,0,0,0,0,0,1,1.0,0.0,0.0,1.0,0,8.0,0.0,985.0,0.0,8.0,0.0,684.0,0.0,4.0,0.0,954.0,0.0,0.0,0.0,0.0,0.0,20.0,0.0,0.0,985.0
2025-02-22,1,0,0,0,0,2,0,0,0,0,0,0,1,0,0,0,1.0,2.0,0.0,0.0,0,3.0,0.0,375.0,0.0,8.0,0.0,985.0,0.0,8.0,0.0,684.0,0.0,4.0,0.0,954.0,0.0,19.0,0.0,0.0,985.0
2025-02-23,0,4,1,0,1,0,0,0,0,2,0,0,0,0,0,0,1.0,2.0,0.0,0.0,0,5.0,0.0,1414.0,2.0,3.0,0.0,375.0,0.0,8.0,0.0,985.0,0.0,8.0,0.0,684.0,0.0,16.0,0.0,2.0,1414.0
2025-02-24,0,4,0,0,0,4,1,0,1,0,0,0,0,2,0,0,1.0,6.0,1.0,0.0,1,5.0,1.0,1627.0,2.0,5.0,0.0,1414.0,2.0,3.0,0.0,375.0,0.0,8.0,0.0,985.0,0.0,13.0,1.0,4.0,1627.0
2025-02-25,0,2,0,0,0,4,0,0,0,4,1,0,1,0,0,0,1.0,8.0,1.0,0.0,1,2.0,0.0,741.0,0.0,5.0,1.0,1627.0,2.0,5.0,0.0,1414.0,2.0,3.0,0.0,375.0,0.0,12.0,1.0,4.0,1627.0
2025-02-26,1,0,0,1,0,2,0,0,0,4,0,0,0,4,1,0,0.0,10.0,1.0,0.0,1,5.0,1.0,1575.0,1.0,2.0,0.0,741.0,0.0,5.0,1.0,1627.0,2.0,5.0,0.0,1414.0,2.0,12.0,2.0,3.0,1627.0
2025-02-27,0,0,0,0,1,0,0,1,0,2,0,0,0,4,0,0,1.0,6.0,0.0,1.0,0,5.0,0.0,1105.0,1.0,5.0,1.0,1575.0,1.0,2.0,0.0,741.0,0.0,5.0,1.0,1627.0,2.0,12.0,1.0,2.0,1575.0
2025-02-28,1,0,0,0,0,0,0,0,1,0,0,1,0,2,0,0,1.0,2.0,0.0,1.0,0,4.0,0.0,1429.0,1.0,5.0,0.0,1105.0,1.0,5.0,1.0,1575.0,1.0,2.0,0.0,741.0,0.0,14.0,1.0,3.0,1575.0
2025-03-01,1,0,0,1,1,0,0,0,0,0,0,0,1,0,0,1,2.0,0.0,0.0,1.0,0,3.0,1.0,970.0,0.0,4.0,0.0,1429.0,1.0,5.0,0.0,1105.0,1.0,5.0,1.0,1575.0,1.0,12.0,1.0,2.0,1429.0
2025-03-02,3,0,0,0,1,0,0,1,1,0,0,0,0,0,0,0,2.0,0.0,0.0,1.0,0,5.0,0.0,1217.0,2.0,3.0,1.0,970.0,0.0,4.0,0.0,1429.0,1.0,5.0,0.0,1105.0,1.0,12.0,1.0,3.0,1429.0
2025-03-03,0,0,0,0,3,0,0,0,1,0,0,1,1,0,0,0,5.0,0.0,0.0,1.0,0,2.0,0.0,845.0,0.0,5.0,0.0,1217.0,2.0,3.0,1.0,970.0,0.0,4.0,0.0,1429.0,1.0,10.0,1.0,2.0,1217.0
2025-03-04,0,0,0,0,0,0,0,0,3,0,0,0,1,0,0,1,4.0,0.0,0.0,1.0,0,5.0,0.0,1151.0,2.0,2.0,0.0,845.0,0.0,5.0,0.0,1217.0,2.0,3.0,1.0,970.0,0.0,12.0,0.0,4.0,1217.0
2025-03-05,0,1,0,0,0,0,0,0,0,0,0,0,3,0,0,0,3.0,0.0,0.0,0.0,0,4.0,0.0,705.0,0.0,5.0,0.0,1151.0,2.0,2.0,0.0,845.0,0.0,5.0,0.0,1217.0,2.0,11.0,0.0,2.0,1151.0
2025-03-06,0,0,0,0,0,1,0,0,0,0,0,0,0,0,0,0,0.0,1.0,0.0,0.0,1,2.0,0.0,687.0,0.0,4.0,0.0,705.0,0.0,5.0,0.0,1151.0,2.0,2.0,0.0,845.0,0.0,11.0,0.0,2.0,1151.0
2025-03-07,0,1,0,0,0,0,0,0,0,1,0,0,0,0,0,0,0.0,1.0,0.0,0.0,1,8.0,1.0,1197.0,1.0,2.0,0.0,687.0,0.0,4.0,0.0,705.0,0.0,5.0,0.0,1151.0,2.0,14.0,1.0,1.0,1197.0
2025-03-08,0,0,0,1,0,1,0,0,0,0,0,0,0,1,0,0,0.0,2.0,0.0,0.0,1,3.0,0.0,948.0,0.0,8.0,1.0,1197.0,1.0,2.0,0.0,687.0,0.0,4.0,0.0,705.0,0.0,13.0,1.0,1.0,1197.0
2025-03-09,0,0,0,0,0,0,0,1,0,1,0,0,0,0,0,0,0.0,1.0,0.0,1.0,0,1.0,0.0,680.0,0.0,3.0,0.0,948.0,0.0,8.0,1.0,1197.0,1.0,2.0,0.0,687.0,0.0,12.0,1.0,1.0,1197.0
2025-03-10,0,0,0,1,0,0,0,0,0,0,0,1,0,1,0,0,0.0,1.0,0.0,1.0,0,5.0,0.0,541.0,0.0,1.0,0.0,680.0,0.0,3.0,0.0,948.0,0.0,8.0,1.0,1197.0,1.0,9.0,0.0,0.0,948.0
2025-03-11,1,1,0,0,0,0,0,1,0,0,0,0,0,0,0,1,0.0,0.0,0.0,2.0,1,5.0,0.0,1171.0,2.0,5.0,0.0,541.0,0.0,1.0,0.0,680.0,0.0,3.0,0.0,948.0,0.0,11.0,0.0,2.0,1171.0
2025-03-12,0,0,0,1,1,1,0,0,0,0,0,1,0,0,0,0,1.0,1.0,0.0,1.0,1,4.0,0.0,757.0,0.0,5.0,0.0,1171.0,2.0,5.0,0.0,541.0,0.0,1.0,0.0,680.0,0.0,14.0,0.0,2.0,1171.0
2025-03-13,0,0,0,0,0,0,0,1,1,1,0,0,0,0,0,1,1.0,1.0,0.0,2.0,1,4.0,0.0,698.0,0.0,4.0,0.0,757.0,0.0,5.0,0.0,1171.0,2.0,5.0,0.0,541.0,0.0,13.0,0.0,2.0,1171.0
2025-03-14,0,1,0,0,0,0,0,0,0,0,0,1,1,1,0,0,1.0,1.0,0.0,1.0,0,2.0,0.0,689.0,0.0,4.0,0.0,698.0,0.0,4.0,0.0,757.0,0.0,5.0,0.0,1171.0,2.0,10.0,0.0,0.0,757.0
2025-03-15,0,0,0,1,0,1,0,0,0,0,0,0,0,0,0,1,0.0,1.0,0.0,1.0,0,4.0,0.0,1113.0,2.0,2.0,0.0,689.0,0.0,4.0,0.0,698.0,0.0,4.0,0.0,757.0,0.0,10.0,0.0,2.0,1113.0
2025-03-16,0,0,0,0,0,0,0,1,0,1,0,0,0,0,0,0,0.0,1.0,0.0,1.0,0,5.0,1.0,1213.0,1.0,4.0,0.0,1113.0,2.0,2.0,0.0,689.0,0.0,4.0,0.0,698.0,0.0,11.0,1.0,3.0,1213.0
2025-03-17,1,1,0,0,0,0,0,0,0,0,0,1,0,1,0,0,0.0,1.0,0.0,1.0,0,7.0,2.0,515.0,0.0,5.0,1.0,1213.0,1.0,4.0,0.0,1113.0,2.0,2.0,0.0,689.0,0.0,16.0,3.0,3.0,1213.0
2025-03-18,0,0,0,0,1,1,0,0,0,0,0,0,0,0,0,1,1.0,1.0,0.0,1.0,0,4.0,0.0,820.0,0.0,7.0,2.0,515.0,0.0,5.0,1.0,1213.0,1.0,4.0,0.0,1113.0,2.0,16.0,3.0,1.0,1213.0
2025-03-19,1,1,0,1,0,0,0,0,1,1,0,0,0,0,0,0,1.0,1.0,0.0,0.0,1,5.0,1.0,1226.0,2.0,4.0,0.0,820.0,0.0,7.0,2.0,515.0,0.0,5.0,1.0,1213.0,1.0,16.0,3.0,2.0,1226.0
2025-03-20,1,0,0,0,1,1,0,1,0,0,0,0,1,1,0,0,2.0,2.0,0.0,1.0,1,2.0,0.0,1043.0,1.0,5.0,1.0,1226.0,2.0,4.0,0.0,820.0,0.0,7.0,2.0,515.0,0.0,11.0,1.0,3.0,1226.0
2025-03-21,0,1,0,1,1,0,0,0,1,1,0,1,0,0,0,0,2.0,1.0,0.0,1.0,1,3.0,1.0,3032.0,1.0,2.0,0.0,1043.0,1.0,5.0,1.0,1226.0,2.0,4.0,0.0,820.0,0.0,10.0,2.0,4.0,3032.0
2025-03-22,0,0,0,0,0,1,0,1,1,0,0,0,1,1,0,1,2.0,2.0,0.0,2.0,0,5.0,0.0,1229.0,2.0,3.0,1.0,3032.0,1.0,2.0,0.0,1043.0,1.0,5.0,1.0,1226.0,2.0,10.0,1.0,4.0,3032.0
2025-03-23,0,0,0,0,0,0,0,0,0,1,0,1,1,0,0,0,1.0,1.0,0.0,1.0,1,3.0,0.0,653.0,0.0,5.0,0.0,1229.0,2.0,3.0,1.0,3032.0,1.0,2.0,0.0,1043.0,1.0,11.0,1.0,3.0,3032.0
2025-03-24,0,0,0,0,0,0,0,0,0,0,0,0,0,1,0,1,0.0,1.0,0.0,1.0,1,2.0,0.0,938.0,0.0,3.0,0.0,653.0,0.0,5.0,0.0,1229.0,2.0,3.0,1.0,3032.0,1.0,10.0,0.0,2.0,1229.0
2025-03-25,2,0,0,0,0,0,0,0,0,0,0,0,0,0,0,0,0.0,0.0,0.0,0.0,1,5.0,0.0,1374.0,1.0,2.0,0.0,938.0,0.0,3.0,0.0,653.0,0.0,5.0,0.0,1229.0,2.0,10.0,0.0,1.0,1374.0
2025-03-26,1,1,0,1,2,0,0,0,0,0,0,0,0,0,0,0,2.0,0.0,0.0,0.0,0,4.0,0.0,644.0,0.0,5.0,0.0,1374.0,1.0,2.0,0.0,938.0,0.0,3.0,0.0,653.0,0.0,11.0,0.0,1.0,1374.0
2025-03-27,1,1,0,0,1,1,0,1,2,0,0,0,0,0,0,0,3.0,1.0,0.0,1.0,0,6.0,1.0,856.0,0.0,4.0,0.0,644.0,0.0,5.0,0.0,1374.0,1.0,2.0,0.0,938.0,0.0,15.0,1.0,1.0,1374.0
2025-03-28,0,3,1,1,1,1,0,0,1,1,0,1,2,0,0,0,4.0,2.0,0.0,1.0,0,3.0,1.0,2212.0,1.0,6.0,1.0,856.0,0.0,4.0,0.0,644.0,0.0,5.0,0.0,1374.0,1.0,13.0,2.0,1.0,2212.0
2025-03-29,0,2,0,0,0,3,1,1,1,1,0,0,1,1,0,1,2.0,5.0,1.0,2.0,0,3.0,0.0,835.0,0.0,3.0,1.0,2212.0,1.0,6.0,1.0,856.0,0.0,4.0,0.0,644.0,0.0,12.0,2.0,1.0,2212.0
2025-03-30,1,6,0,0,0,2,0,0,0,3,1,1,1,1,0,0,1.0,6.0,1.0,1.0,0,5.0,0.0,1154.0,1.0,3.0,0.0,835.0,0.0,3.0,1.0,2212.0,1.0,6.0,1.0,856.0,0.0,11.0,1.0,2.0,2212.0
2025-03-31,0,1,0,0,1,6,0,0,0,2,0,0,0,3,1,1,1.0,11.0,1.0,1.0,0,2.0,0.0,548.0,0.0,5.0,0.0,1154.0,1.0,3.0,0.0,835.0,0.0,3.0,1.0,2212.0,1.0,10.0,0.0,1.0,1154.0
2025-04-01,0,2,0,0,0,1,0,0,1,6,0,0,0,2,0,0,1.0,9.0,0.0,0.0,0,1.0,0.0,662.0,0.0,2.0,0.0,548.0,0.0,5.0,0.0,1154.0,1.0,3.0,0.0,835.0,0.0,8.0,0.0,1.0,1154.0
2025-04-02,0,0,0,0,0,2,0,0,0,1,0,0,1,6,0,0,1.0,9.0,0.0,0.0,1,1.0,0.0,406.0,0.0,1.0,0.0,662.0,0.0,2.0,0.0,548.0,0.0,5.0,0.0,1154.0,1.0,4.0,0.0,0.0,662.0
2025-04-03,0,0,0,1,0,0,0,0,0,2,0,0,0,1,0,0,0.0,3.0,0.0,0.0,1,3.0,1.0,884.0,0.0,1.0,0.0,406.0,0.0,1.0,0.0,662.0,0.0,2.0,0.0,548.0,0.0,5.0,1.0,0.0,884.0
2025-04-04,1,0,0,0,0,0,0,1,0,0,0,0,0,2,0,0,0.0,2.0,0.0,1.0,1,6.0,0.0,1000.0,1.0,3.0,1.0,884.0,0.0,1.0,0.0,406.0,0.0,1.0,0.0,662.0,0.0,10.0,1.0,1.0,1000.0
2025-04-05,0,1,0,0,1,0,0,0,0,0,0,1,0,0,0,0,1.0,0.0,0.0,1.0,0,4.0,0.0,784.0,0.0,6.0,0.0,1000.0,1.0,3.0,1.0,884.0,0.0,1.0,0.0,406.0,0.0,13.0,1.0,1.0,1000.0
2025-04-06,0,0,0,0,0,1,0,0,1,0,0,0,0,0,0,1,1.0,1.0,0.0,1.0,0,5.0,0.0,626.0,0.0,4.0,0.0,784.0,0.0,6.0,0.0,1000.0,1.0,3.0,1.0,884.0,0.0,15.0,0.0,1.0,1000.0
2025-04-07,0,0,0,1,0,0,0,0,0,1,0,0,1,0,0,0,1.0,1.0,0.0,0.0,0,3.0,0.0,683.0,0.0,5.0,0.0,626.0,0.0,4.0,0.0,784.0,0.0,6.0,0.0,1000.0,1.0,12.0,0.0,0.0,784.0
2025-04-08,1,1,0,1,0,0,0,1,0,0,0,0,0,1,0,0,0.0,1.0,0.0,1.0,0,5.0,0.0,1347.0,2.0,3.0,0.0,683.0,0.0,5.0,0.0,626.0,0.0,4.0,0.0,784.0,0.0,13.0,0.0,2.0,1347.0
2025-04-09,0,0,0,0,1,1,0,1,0,0,0,1,0,0,0,0,1.0,1.0,0.0,2.0,0,5.0,0.0,1136.0,1.0,5.0,0.0,1347.0,2.0,3.0,0.0,683.0,0.0,5.0,0.0,626.0,0.0,13.0,0.0,3.0,1347.0
2025-04-10,0,0,0,0,0,0,0,0,1,1,0,1,0,0,0,1,1.0,1.0,0.0,2.0,0,3.0,0.0,612.0,0.0,5.0,0.0,1136.0,1.0,5.0,0.0,1347.0,2.0,3.0,0.0,683.0,0.0,13.0,0.0,3.0,1347.0
2025-04-11,0,2,0,0,0,0,0,0,0,0,0,0,1,1,0,1,1.0,1.0,0.0,1.0,0,4.0,0.0,1106.0,1.0,3.0,0.0,612.0,0.0,5.0,0.0,1136.0,1.0,5.0,0.0,1347.0,2.0,12.0,0.0,2.0,1136.0
2025-04-12,0,9,0,1,0,2,0,0,0,0,0,0,0,0,0,0,0.0,2.0,0.0,0.0,1,8.0,1.0,847.0,0.0,4.0,0.0,1106.0,1.0,3.0,0.0,612.0,0.0,5.0,0.0,1136.0,1.0,15.0,1.0,1.0,1106.0
2025-04-13,0,10,0,0,0,9,0,1,0,2,0,0,0,0,0,0,0.0,11.0,0.0,1.0,1,5.0,4.0,777.0,0.0,8.0,1.0,847.0,0.0,4.0,0.0,1106.0,1.0,3.0,0.0,612.0,0.0,17.0,5.0,1.0,1106.0
2025-04-14,0,2,0,0,0,10,0,0,0,9,0,1,0,2,0,0,0.0,21.0,0.0,1.0,1,7.0,0.0,1121.0,1.0,5.0,4.0,777.0,0.0,8.0,1.0,847.0,0.0,4.0,0.0,1106.0,1.0,20.0,5.0,1.0,1121.0
2025-04-15,0,2,0,0,0,2,0,0,0,10,0,0,0,9,0,1,0.0,21.0,0.0,1.0,0,3.0,0.0,972.0,0.0,7.0,0.0,1121.0,1.0,5.0,4.0,777.0,0.0,8.0,1.0,847.0,0.0,15.0,4.0,1.0,1121.0
2025-04-16,0,0,0,0,0,2,0,0,0,2,0,0,0,10,0,0,0.0,14.0,0.0,0.0,0,1.0,0.0,553.0,0.0,3.0,0.0,972.0,0.0,7.0,0.0,1121.0,1.0,5.0,4.0,777.0,0.0,11.0,0.0,1.0,1121.0
2025-04-17,0,0,0,0,0,0,0,0,0,2,0,0,0,2,0,0,0.0,4.0,0.0,0.0,0,5.0,0.0,1069.0,1.0,1.0,0.0,553.0,0.0,3.0,0.0,972.0,0.0,7.0,0.0,1121.0,1.0,9.0,0.0,1.0,1069.0
2025-04-18,0,1,0,0,0,0,0,0,0,0,0,0,0,2,0,0,0.0,2.0,0.0,0.0,0,2.0,0.0,346.0,0.0,5.0,0.0,1069.0,1.0,1.0,0.0,553.0,0.0,3.0,0.0,972.0,0.0,8.0,0.0,1.0,1069.0
2025-04-19,0,0,0,0,0,1,0,0,0,0,0,0,0,0,0,0,0.0,1.0,0.0,0.0,0,5.0,0.0,1079.0,1.0,2.0,0.0,346.0,0.0,5.0,0.0,1069.0,1.0,1.0,0.0,553.0,0.0,12.0,0.0,2.0,1079.0
2025-04-20,0,1,0,0,0,0,0,0,0,1,0,0,0,0,0,0,0.0,1.0,0.0,0.0,0,4.0,0.0,343.0,0.0,5.0,0.0,1079.0,1.0,2.0,0.0,346.0,0.0,5.0,0.0,1069.0,1.0,11.0,0.0,1.0,1079.0
2025-04-21,0,1,0,1,0,1,0,0,0,0,0,0,0,1,0,0,0.0,2.0,0.0,0.0,0,3.0,0.0,372.0,0.0,4.0,0.0,343.0,0.0,5.0,0.0,1079.0,1.0,2.0,0.0,346.0,0.0,12.0,0.0,1.0,1079.0
2025-04-22,0,1,0,0,0,1,0,1,0,1,0,0,0,0,0,0,0.0,2.0,0.0,1.0,0,6.0,2.0,1583.0,1.0,3.0,0.0,372.0,0.0,4.0,0.0,343.0,0.0,5.0,0.0,1079.0,1.0,13.0,2.0,1.0,1583.0
2025-04-23,0,0,0,1,0,1,0,0,0,1,0,1,0,1,0,0,0.0,3.0,0.0,1.0,0,3.0,0.0,452.0,0.0,6.0,2.0,1583.0,1.0,3.0,0.0,372.0,0.0,4.0,0.0,343.0,0.0,12.0,2.0,1.0,1583.0
2025-04-24,0,0,0,0,0,0,0,1,0,1,0,0,0,1,0,1,0.0,2.0,0.0,2.0,0,7.0,0.0,1032.0,1.0,3.0,0.0,452.0,0.0,6.0,2.0,1583.0,1.0,3.0,0.0,372.0,0.0,16.0,2.0,2.0,1583.0
2025-04-25,0,0,0,0,0,0,0,0,0,0,0,1,0,1,0,0,0.0,1.0,0.0,1.0,0,1.0,0.0,671.0,0.0,7.0,0.0,1032.0,1.0,3.0,0.0,452.0,0.0,6.0,2.0,1583.0,1.0,11.0,0.0,1.0,1032.0
2025-04-26,0,0,0,0,0,0,0,0,0,0,0,0,0,0,0,1,0.0,0.0,0.0,1.0,0,4.0,0.0,1496.0,1.0,1.0,0.0,671.0,0.0,7.0,0.0,1032.0,1.0,3.0,0.0,452.0,0.0,12.0,0.0,2.0,1496.0
2025-04-27,0,0,0,0,0,0,0,0,0,0,0,0,0,0,0,0,0.0,0.0,0.0,0.0,0,2.0,0.0,616.0,0.0,4.0,0.0,1496.0,1.0,1.0,0.0,671.0,0.0,7.0,0.0,1032.0,1.0,7.0,0.0,1.0,1496.0
2025-04-28,0,0,0,0,0,0,0,0,0,0,0,0,0,0,0,0,0.0,0.0,0.0,0.0,0,5.0,0.0,393.0,0.0,2.0,0.0,616.0,0.0,4.0,0.0,1496.0,1.0,1.0,0.0,671.0,0.0,11.0,0.0,1.0,1496.0
2025-04-29,1,3,0,0,0,0,0,0,0,0,0,0,0,0,0,0,0.0,0.0,0.0,0.0,0,8.0,0.0,1877.0,2.0,5.0,0.0,393.0,0.0,2.0,0.0,616.0,0.0,4.0,0.0,1496.0,1.0,15.0,0.0,2.0,1877.0
2025-04-30,0,1,0,0,1,3,0,0,0,0,0,0,0,0,0,0,1.0,3.0,0.0,0.0,0,0.0,0.0,0.0,0.0,8.0,0.0,1877.0,2.0,5.0,0.0,393.0,0.0,2.0,0.0,616.0,0.0,13.0,0.0,2.0,1877.0
2025-05-01,0,0,0,1,0,1,0,0,1,3,0,0,0,0,0,0,1.0,4.0,0.0,0.0,0,2.0,0.0,622.0,0.0,0.0,0.0,0.0,0.0,8.0,0.0,1877.0,2.0,5.0,0.0,393.0,0.0,10.0,0.0,2.0,1877.0
2025-05-02,0,0,0,0,0,0,0,1,0,1,0,0,1,3,0,0,1.0,4.0,0.0,1.0,0,2.0,0.0,633.0,0.0,2.0,0.0,622.0,0.0,0.0,0.0,0.0,0.0,8.0,0.0,1877.0,2.0,4.0,0.0,0.0,633.0
2025-05-03,0,0,0,0,0,0,0,0,0,0,0,1,0,1,0,0,0.0,1.0,0.0,1.0,0,3.0,0.0,322.0,0.0,2.0,0.0,633.0,0.0,2.0,0.0,622.0,0.0,0.0,0.0,0.0,0.0,7.0,0.0,0.0,633.0
2025-05-04,1,0,0,1,0,0,0,0,0,0,0,0,0,0,0,1,0.0,0.0,0.0,1.0,0,6.0,0.0,982.0,0.0,3.0,0.0,322.0,0.0,2.0,0.0,633.0,0.0,2.0,0.0,622.0,0.0,11.0,0.0,0.0,982.0
2025-05-05,0,0,0,1,1,0,0,1,0,0,0,0,0,0,0,0,1.0,0.0,0.0,1.0,0,7.0,1.0,1176.0,1.0,6.0,0.0,982.0,0.0,3.0,0.0,322.0,0.0,2.0,0.0,633.0,0.0,16.0,1.0,1.0,1176.0
2025-05-06,0,0,0,0,0,0,0,1,1,0,0,1,0,0,0,0,1.0,0.0,0.0,2.0,0,4.0,2.0,1496.0,1.0,7.0,1.0,1176.0,1.0,6.0,0.0,982.0,0.0,3.0,0.0,322.0,0.0,17.0,3.0,2.0,1496.0
2025-05-07,0,0,0,0,0,0,0,0,0,0,0,1,1,0,0,1,1.0,0.0,0.0,2.0,0,3.0,0.0,658.0,0.0,4.0,2.0,1496.0,1.0,7.0,1.0,1176.0,1.0,6.0,0.0,982.0,0.0,14.0,3.0,2.0,1496.0
2025-05-08,2,0,0,0,0,0,0,0,0,0,0,0,0,0,0,1,0.0,0.0,0.0,1.0,0,9.0,0.0,820.0,0.0,3.0,0.0,658.0,0.0,4.0,2.0,1496.0,1.0,7.0,1.0,1176.0,1.0,16.0,2.0,1.0,1496.0
2025-05-09,0,0,0,1,2,0,0,0,0,0,0,0,0,0,0,0,2.0,0.0,0.0,0.0,0,10.0,0.0,1089.0,1.0,9.0,0.0,820.0,0.0,3.0,0.0,658.0,0.0,4.0,2.0,1496.0,1.0,22.0,0.0,1.0,1089.0
2025-05-10,0,0,0,0,0,0,0,1,2,0,0,0,0,0,0,0,2.0,0.0,0.0,1.0,0,2.0,0.0,635.0,0.0,10.0,0.0,1089.0,1.0,9.0,0.0,820.0,0.0,3.0,0.0,658.0,0.0,21.0,0.0,1.0,1089.0
2025-05-11,0,1,0,0,0,0,0,0,0,0,0,1,2,0,0,0,2.0,0.0,0.0,1.0,0,7.0,0.0,869.0,0.0,2.0,0.0,635.0,0.0,10.0,0.0,1089.0,1.0,9.0,0.0,820.0,0.0,19.0,0.0,1.0,1089.0
2025-05-12,0,0,0,0,0,1,0,0,0,0,0,0,0,0,0,1,0.0,1.0,0.0,1.0,0,6.0,1.0,941.0,0.0,7.0,0.0,869.0,0.0,2.0,0.0,635.0,0.0,10.0,0.0,1089.0,1.0,15.0,1.0,0.0,941.0
2025-05-13,0,0,1,0,0,0,0,0,0,1,0,0,0,0,0,0,0.0,1.0,0.0,0.0,0,5.0,0.0,959.0,0.0,6.0,1.0,941.0,0.0,7.0,0.0,869.0,0.0,2.0,0.0,635.0,0.0,18.0,1.0,0.0,959.0
2025-05-14,0,4,1,1,0,0,1,0,0,0,0,0,0,1,0,0,0.0,1.0,1.0,0.0,1,9.0,0.0,1755.0,4.0,5.0,0.0,959.0,0.0,6.0,1.0,941.0,0.0,7.0,0.0,869.0,0.0,20.0,1.0,4.0,1755.0
2025-05-15,0,1,0,0,0,4,1,1,0,0,1,0,0,0,0,0,0.0,4.0,2.0,1.0,1,6.0,0.0,1015.0,1.0,9.0,0.0,1755.0,4.0,5.0,0.0,959.0,0.0,6.0,1.0,941.0,0.0,20.0,0.0,5.0,1755.0
2025-05-16,0,0,0,0,0,1,0,0,0,4,1,1,0,0,1,0,0.0,5.0,2.0,1.0,1,4.0,0.0,617.0,0.0,6.0,0.0,1015.0,1.0,9.0,0.0,1755.0,4.0,5.0,0.0,959.0,0.0,19.0,0.0,5.0,1755.0
2025-05-17,0,0,0,1,0,0,0,0,0,1,0,0,0,4,1,1,0.0,5.0,1.0,1.0,0,1.0,0.0,350.0,0.0,4.0,0.0,617.0,0.0,6.0,0.0,1015.0,1.0,9.0,0.0,1755.0,4.0,11.0,0.0,1.0,1015.0
2025-05-18,0,0,0,0,0,0,0,1,0,0,0,0,0,1,0,0,0.0,1.0,0.0,1.0,0,4.0,0.0,954.0,0.0,1.0,0.0,350.0,0.0,4.0,0.0,617.0,0.0,6.0,0.0,1015.0,1.0,9.0,0.0,0.0,954.0
2025-05-19,0,1,0,0,0,0,0,0,0,0,0,1,0,0,0,0,0.0,0.0,0.0,1.0,0,4.0,1.0,696.0,0.0,4.0,0.0,954.0,0.0,1.0,0.0,350.0,0.0,4.0,0.0,617.0,0.0,9.0,1.0,0.0,954.0
2025-05-20,0,0,0,1,0,1,0,0,0,0,0,0,0,0,0,1,0.0,1.0,0.0,1.0,0,5.0,0.0,1043.0,1.0,4.0,1.0,696.0,0.0,4.0,0.0,954.0,0.0,1.0,0.0,350.0,0.0,13.0,1.0,1.0,1043.0
2025-05-21,0,1,0,0,0,0,0,1,0,1,0,0,0,0,0,0,0.0,1.0,0.0,1.0,0,2.0,0.0,1073.0,1.0,5.0,0.0,1043.0,1.0,4.0,1.0,696.0,0.0,4.0,0.0,954.0,0.0,11.0,1.0,2.0,1073.0
2025-05-22,0,0,0,0,0,1,0,0,0,0,0,1,0,1,0,0,0.0,2.0,0.0,1.0,0,3.0,0.0,1201.0,1.0,2.0,0.0,1073.0,1.0,5.0,0.0,1043.0,1.0,4.0,1.0,696.0,0.0,10.0,0.0,3.0,1201.0
2025-05-23,0,0,0,0,0,0,0,0,0,1,0,0,0,0,0,1,0.0,1.0,0.0,1.0,0,4.0,0.0,936.0,0.0,3.0,0.0,1201.0,1.0,2.0,0.0,1073.0,1.0,5.0,0.0,1043.0,1.0,9.0,0.0,2.0,1201.0
2025-05-24,2,1,0,0,0,0,0,0,0,0,0,0,0,1,0,0,0.0,1.0,0.0,0.0,0,5.0,0.0,1205.0,1.0,4.0,0.0,936.0,0.0,3.0,0.0,1201.0,1.0,2.0,0.0,1073.0,1.0,12.0,0.0,2.0,1205.0
2025-05-25,2,3,1,0,2,1,0,0,0,0,0,0,0,0,0,0,2.0,1.0,0.0,0.0,0,6.0,0.0,800.0,0.0,5.0,0.0,1205.0,1.0,4.0,0.0,936.0,0.0,3.0,0.0,1201.0,1.0,15.0,0.0,1.0,1205.0
2025-05-26,0,2,0,0,2,3,1,0,2,1,0,0,0,0,0,0,4.0,4.0,1.0,0.0,1,3.0,0.0,845.0,0.0,6.0,0.0,800.0,0.0,5.0,0.0,1205.0,1.0,4.0,0.0,936.0,0.0,14.0,0.0,1.0,1205.0
2025-05-27,2,0,0,1,0,2,0,0,2,3,1,0,2,1,0,0,4.0,6.0,1.0,0.0,1,2.0,0.0,732.0,0.0,3.0,0.0,845.0,0.0,6.0,0.0,800.0,0.0,5.0,0.0,1205.0,1.0,11.0,0.0,0.0,845.0
2025-05-28,0,0,0,1,2,0,0,1,0,2,0,0,2,3,1,0,4.0,5.0,1.0,1.0,1,2.0,0.0,790.0,0.0,2.0,0.0,732.0,0.0,3.0,0.0,845.0,0.0,6.0,0.0,800.0,0.0,7.0,0.0,0.0,845.0
2025-05-29,0,0,0,0,0,0,0,1,2,0,0,1,0,2,0,0,2.0,2.0,0.0,2.0,1,0.0,0.0,0.0,0.0,2.0,0.0,790.0,0.0,2.0,0.0,732.0,0.0,3.0,0.0,845.0,0.0,4.0,0.0,0.0,790.0
2025-05-30,0,3,0,0,0,0,0,0,0,0,0,1,2,0,0,1,2.0,0.0,0.0,2.0,1,6.0,2.0,803.0,0.0,0.0,0.0,0.0,0.0,2.0,0.0,790.0,0.0,2.0,0.0,732.0,0.0,8.0,2.0,0.0,803.0
2025-05-31,0,4,0,1,0,3,0,0,0,0,0,0,0,0,0,1,0.0,3.0,0.0,1.0,1,7.0,1.0,2371.0,1.0,6.0,2.0,803.0,0.0,0.0,0.0,0.0,0.0,2.0,0.0,790.0,0.0,13.0,3.0,1.0,2371.0
2025-06-01,0,0,0,0,0,4,0,1,0,3,0,0,0,0,0,0,0.0,7.0,0.0,1.0,0,2.0,0.0,609.0,0.0,7.0,1.0,2371.0,1.0,6.0,2.0,803.0,0.0,0.0,0.0,0.0,0.0,15.0,3.0,1.0,2371.0
2025-06-02,0,2,0,0,0,0,0,0,0,4,0,1,0,3,0,0,0.0,7.0,0.0,1.0,0,3.0,0.0,482.0,0.0,2.0,0.0,609.0,0.0,7.0,1.0,2371.0,1.0,6.0,2.0,803.0,0.0,12.0,1.0,1.0,2371.0
2025-06-03,0,1,0,0,0,2,0,0,0,0,0,0,0,4,0,1,0.0,6.0,0.0,1.0,0,1.0,1.0,328.0,0.0,3.0,0.0,482.0,0.0,2.0,0.0,609.0,0.0,7.0,1.0,2371.0,1.0,6.0,1.0,0.0,609.0
2025-06-04,0,1,0,0,0,1,0,0,0,2,0,0,0,0,0,0,0.0,3.0,0.0,0.0,0,3.0,0.0,525.0,0.0,1.0,1.0,328.0,0.0,3.0,0.0,482.0,0.0,2.0,0.0,609.0,0.0,7.0,1.0,0.0,525.0
2025-06-05,0,0,0,0,0,1,0,0,0,1,0,0,0,2,0,0,0.0,4.0,0.0,0.0,0,2.0,0.0,1033.0,1.0,3.0,0.0,525.0,0.0,1.0,1.0,328.0,0.0,3.0,0.0,482.0,0.0,6.0,1.0,1.0,1033.0
2025-06-06,0,0,0,0,0,0,0,0,0,1,0,0,0,1,0,0,0.0,2.0,0.0,0.0,0,2.0,1.0,758.0,0.0,2.0,0.0,1033.0,1.0,3.0,0.0,525.0,0.0,1.0,1.0,328.0,0.0,7.0,1.0,1.0,1033.0
2025-06-07,0,0,0,0,0,0,0,0,0,0,0,0,0,1,0,0,0.0,1.0,0.0,0.0,0,0.0,0.0,0.0,0.0,2.0,1.0,758.0,0.0,2.0,0.0,1033.0,1.0,3.0,0.0,525.0,0.0,4.0,1.0,1.0,1033.0
2025-06-08,0,0,0,1,0,0,0,0,0,0,0,0,0,0,0,0,0.0,0.0,0.0,0.0,0,9.0,1.0,915.0,0.0,0.0,0.0,0.0,0.0,2.0,1.0,758.0,0.0,2.0,0.0,1033.0,1.0,11.0,2.0,0.0,915.0
2025-06-09,0,0,0,0,0,0,0,1,0,0,0,0,0,0,0,0,0.0,0.0,0.0,1.0,0,8.0,0.0,948.0,0.0,9.0,1.0,915.0,0.0,0.0,0.0,0.0,0.0,2.0,1.0,758.0,0.0,17.0,1.0,0.0,948.0
2025-06-10,0,0,0,1,0,0,0,0,0,0,0,1,0,0,0,0,0.0,0.0,0.0,1.0,1,10.0,0.0,1094.0,1.0,8.0,0.0,948.0,0.0,9.0,1.0,915.0,0.0,0.0,0.0,0.0,0.0,27.0,1.0,1.0,1094.0
2025-06-11,0,0,0,1,0,0,0,1,0,0,0,0,0,0,0,1,0.0,0.0,0.0,2.0,1,8.0,0.0,991.0,0.0,10.0,0.0,1094.0,1.0,8.0,0.0,948.0,0.0,9.0,1.0,915.0,0.0,26.0,0.0,1.0,1094.0
2025-06-12,0,0,0,0,0,0,0,1,0,0,0,1,0,0,0,0,0.0,0.0,0.0,2.0,1,5.0,0.0,1138.0,1.0,8.0,0.0,991.0,0.0,10.0,0.0,1094.0,1.0,8.0,0.0,948.0,0.0,23.0,0.0,2.0,1138.0
2025-06-13,0,1,0,0,0,0,0,0,0,0,0,1,0,0,0,1,0.0,0.0,0.0,2.0,0,6.0,0.0,715.0,0.0,5.0,0.0,1138.0,1.0,8.0,0.0,991.0,0.0,10.0,0.0,1094.0,1.0,19.0,0.0,1.0,1138.0
2025-06-14,1,2,0,1,0,1,0,0,0,0,0,0,0,0,0,1,0.0,1.0,0.0,1.0,0,3.0,0.0,545.0,0.0,6.0,0.0,715.0,0.0,5.0,0.0,1138.0,1.0,8.0,0.0,991.0,0.0,14.0,0.0,1.0,1138.0
2025-06-15,1,4,0,0,1,2,0,1,0,1,0,0,0,0,0,0,1.0,3.0,0.0,1.0,0,7.0,3.0,1338.0,2.0,3.0,0.0,545.0,0.0,6.0,0.0,715.0,0.0,5.0,0.0,1138.0,1.0,16.0,3.0,2.0,1338.0
2025-06-16,2,4,0,0,1,4,0,0,1,2,0,1,0,1,0,0,2.0,7.0,0.0,1.0,0,3.0,0.0,829.0,0.0,7.0,3.0,1338.0,2.0,3.0,0.0,545.0,0.0,6.0,0.0,715.0,0.0,13.0,3.0,2.0,1338.0
2025-06-17,1,1,1,0,2,4,0,0,1,4,0,0,1,2,0,1,4.0,10.0,0.0,1.0,0,11.0,2.0,887.0,0.0,3.0,0.0,829.0,0.0,7.0,3.0,1338.0,2.0,3.0,0.0,545.0,0.0,21.0,5.0,2.0,1338.0
2025-06-18,0,0,0,0,1,1,1,0,2,4,0,0,1,4,0,0,4.0,9.0,1.0,0.0,0,3.0,0.0,745.0,0.0,11.0,2.0,887.0,0.0,3.0,0.0,829.0,0.0,7.0,3.0,1338.0,2.0,17.0,2.0,0.0,887.0
2025-06-19,0,0,1,0,0,0,0,0,1,1,1,0,2,4,0,0,3.0,5.0,1.0,0.0,0,7.0,0.0,775.0,0.0,3.0,0.0,745.0,0.0,11.0,2.0,887.0,0.0,3.0,0.0,829.0,0.0,21.0,2.0,0.0,887.0
2025-06-20,0,2,0,0,0,0,1,0,0,0,0,0,1,1,1,0,1.0,1.0,2.0,0.0,0,9.0,0.0,1272.0,1.0,7.0,0.0,775.0,0.0,3.0,0.0,745.0,0.0,11.0,2.0,887.0,0.0,19.0,0.0,1.0,1272.0
2025-06-21,0,0,0,0,0,2,0,0,0,0,1,0,0,0,0,0,0.0,2.0,1.0,0.0,0,0.0,0.0,0.0,0.0,9.0,0.0,1272.0,1.0,7.0,0.0,775.0,0.0,3.0,0.0,745.0,0.0,16.0,0.0,1.0,1272.0
2025-06-22,1,0,0,0,0,0,0,0,0,2,0,0,0,0,1,0,0.0,2.0,1.0,0.0,0,2.0,0.0,812.0,0.0,0.0,0.0,0.0,0.0,9.0,0.0,1272.0,1.0,7.0,0.0,775.0,0.0,11.0,0.0,1.0,1272.0
2025-06-23,0,0,0,0,1,0,0,0,0,0,0,0,0,2,0,0,1.0,2.0,0.0,0.0,0,2.0,0.0,730.0,0.0,2.0,0.0,812.0,0.0,0.0,0.0,0.0,0.0,9.0,0.0,1272.0,1.0,4.0,0.0,0.0,812.0
2025-06-24,1,0,0,0,0,0,0,0,1,0,0,0,0,0,0,0,1.0,0.0,0.0,0.0,0,10.0,1.0,1084.0,3.0,2.0,0.0,730.0,0.0,2.0,0.0,812.0,0.0,0.0,0.0,0.0,0.0,14.0,1.0,3.0,1084.0
2025-06-25,0,0,0,1,1,0,0,0,0,0,0,0,1,0,0,0,2.0,0.0,0.0,0.0,0,7.0,0.0,1090.0,1.0,10.0,1.0,1084.0,3.0,2.0,0.0,730.0,0.0,2.0,0.0,812.0,0.0,19.0,1.0,4.0,1090.0
2025-06-26,0,0,0,0,0,0,0,1,1,0,0,0,0,0,0,0,1.0,0.0,0.0,1.0,0,4.0,0.0,940.0,0.0,7.0,0.0,1090.0,1.0,10.0,1.0,1084.0,3.0,2.0,0.0,730.0,0.0,21.0,1.0,4.0,1090.0
2025-06-27,0,0,0,1,0,0,0,0,0,0,0,1,1,0,0,0,1.0,0.0,0.0,1.0,0,2.0,1.0,1000.0,1.0,4.0,0.0,940.0,0.0,7.0,0.0,1090.0,1.0,10.0,1.0,1084.0,3.0,13.0,1.0,2.0,1090.0
2025-06-28,1,0,0,0,0,0,0,1,0,0,0,0,0,0,0,1,0.0,0.0,0.0,2.0,0,5.0,0.0,589.0,0.0,2.0,1.0,1000.0,1.0,4.0,0.0,940.0,0.0,7.0,0.0,1090.0,1.0,11.0,1.0,1.0,1000.0
2025-06-29,0,0,0,0,1,0,0,0,0,0,0,1,0,0,0,0,1.0,0.0,0.0,1.0,0,7.0,0.0,562.0,0.0,5.0,0.0,589.0,0.0,2.0,1.0,1000.0,1.0,4.0,0.0,940.0,0.0,14.0,1.0,1.0,1000.0
2025-06-30,0,0,0,0,0,0,0,0,1,0,0,0,0,0,0,1,1.0,0.0,0.0,1.0,0,6.0,0.0,619.0,0.0,7.0,0.0,562.0,0.0,5.0,0.0,589.0,0.0,2.0,1.0,1000.0,1.0,18.0,0.0,0.0,619.0
2025-07-01,0,0,0,0,0,0,0,0,0,0,0,0,1,0,0,0,1.0,0.0,0.0,0.0,0,1.0,0.0,437.0,0.0,6.0,0.0,619.0,0.0,7.0,0.0,562.0,0.0,5.0,0.0,589.0,0.0,14.0,0.0,0.0,619.0
2025-07-02,0,0,0,0,0,0,0,0,0,0,0,0,0,0,0,0,0.0,0.0,0.0,0.0,0,2.0,0.0,591.0,0.0,1.0,0.0,437.0,0.0,6.0,0.0,619.0,0.0,7.0,0.0,562.0,0.0,9.0,0.0,0.0,619.0
2025-07-03,0,0,0,0,0,0,0,0,0,0,0,0,0,0,0,0,0.0,0.0,0.0,0.0,0,2.0,0.0,711.0,0.0,2.0,0.0,591.0,0.0,1.0,0.0,437.0,0.0,6.0,0.0,619.0,0.0,5.0,0.0,0.0,711.0
2025-07-04,0,0,0,0,0,0,0,0,0,0,0,0,0,0,0,0,0.0,0.0,0.0,0.0,0,7.0,0.0,1148.0,1.0,2.0,0.0,711.0,0.0,2.0,0.0,591.0,0.0,1.0,0.0,437.0,0.0,11.0,0.0,1.0,1148.0
2025-07-05,0,0,0,1,0,0,0,0,0,0,0,0,0,0,0,0,0.0,0.0,0.0,0.0,0,6.0,0.0,671.0,0.0,7.0,0.0,1148.0,1.0,2.0,0.0,711.0,0.0,2.0,0.0,591.0,0.0,15.0,0.0,1.0,1148.0
2025-07-06,0,0,0,0,0,0,0,1,0,0,0,0,0,0,0,0,0.0,0.0,0.0,1.0,0,5.0,0.0,879.0,0.0,6.0,0.0,671.0,0.0,7.0,0.0,1148.0,1.0,2.0,0.0,711.0,0.0,18.0,0.0,1.0,1148.0
